Status;Name;fomat (coords);Genauigkeit (A=genau auf anlage, R= Region, f=feld);Koordinaten;Bundesland;Art der Nutzung;Mwtherm (installierte Leistung geothermisch);MWel;max. Temperatur;Teufe in m (TVD);Forderrate (l/s) (maximal);Jahresproduktion geothermische Wärme GWh/a;Jahresproduktion geothermischer Strom GWh/a;Jahr d. Inbetrieb-nahme;Entwicklung/ Aufsuchungserlaubnis;Output;Anzahl der Bohrungen;Hauptnutzung;Nebennutzung;Reservoir ;Betreiberstruktur;Region;News zu Projekten;Betreiber Name;Zusatzinfos;;;
A_Projekt in Betrieb;Pfullendorf;;;47.90513081785821, 9.25284896542634;Baden-Württemberg;Hydrogeothermie;;;75;1.530;25;;;2020;;Wärme;Dublette;1 Kaserne wird beheizt;;Dolomit;Bund ;Molassebecken;;;;;;
A_Projekt in Betrieb;Sauerlach;;;47.97278162324089, 11.668797058077113;Bayern;Hydrogeothermie;4;5;141;4.480;110;11,9;26,4;2013;;Wärme & Strom;Triplette;Strom;Fernwärme;;kommunal;Molassebecken;;;;;;
A_Projekt in Betrieb;Traunreut;;;47.973032611148284, 12.579492009460596;Bayern;Hydrogeothermie;13,5;5,5;120;4645,8;168,6;34,3;27,6;2014;2016 Fertigstellung einer ORC-Anlage -> Heizkraftwerk;Wärme & Strom;Dublette;Fernwärme;Strom;;kommunal;Molassebecken;;;;;;
A_Projekt in Betrieb;Dürrnhaar;;;47.992816950868864, 11.735375108696338;Bayern;Hydrogeothermie;;5,5;141;3.926;133;;31,2;2012;;Strom;Dublette;Strom;;Kalkstein, dolomit.;kommunal;Molassebecken;;;;;;
A_Projekt in Betrieb;Taufkirchen/Oberhaching;;;48.02347753735028, 11.620680194130214;Bayern;Hydrogeothermie;40;0;136;3.696;120;101;;2015;;Wärme;Dublette;Strom: Die Kalina Anlage (errichtet 2018) wurde abgebaut, 2024 soll die neue ORC-Anlage in Betrieb gehen. Deshalb zur Zeit 0;Fernwärme;;kommunal;Molassebecken;;;;;;
A_Projekt in Betrieb;Kirchstockach;;;48.02701510509703, 11.687849845382795;Bayern;Hydrogeothermie;10;5,5;125;3881,6;140,5;2;23,5;2013;2021 durch Wärmeauskopplung -> Heizkraftwerk;Wärme & Strom;Dublette;Strom;Fernwärme;Kalkstein, dolomit.;kommunal;Molassebecken;;;;;;
A_Projekt in Betrieb;Unterhaching;;;48.05707719867894, 11.597498830573379;Bayern;Hydrogeothermie;38;;126;3.350;140;183,7;;2007;2009-2017 Stromproduktion durch Kalina-Anlage;Wärme;Dublette;Fernwärme;;;kommunal;Molassebecken;;;;;;
A_Projekt in Betrieb;Kirchweidach;;;48.09957536362663, 12.645622608546594;Bayern;Hydrogeothermie;30,6;4,4;127;3.421;80;96,4;1,8;2013;2021 geplante Erweiterung der Stromproduktion durch ORC-Anlage, zurzeit unklar, ob es die Erweiterung stattgefunden hat, Bohrungen gestartet (Jan 2023);Wärme & Strom;Dublette;Fernwärme;Gewächshaus;;kommunal;Molassebecken;;;;;;
A_Projekt in Betrieb;Garching a.d. Alz ;;;48.11868935553278, 12.571571887105844;Bayern;Hydrogeothermie;7;5,2;125;3.837;125;;27,5;2021;;Wärme & Strom;Dublette;Strom;Fernwärme;;privater Investor;Molassebecken;https://bruck.silenos-energy.com/databases/internet/_public/content30.nsf/web30?Openagent&id=96F6FA72066B984FC12587C70034B4F1;;;;;
A_Projekt in Betrieb;Waldkraiburg;;;48.20130287457706, 12.420294318053308;Bayern;Hydrogeothermie;14;;111,5;2.718;80;41;;2012;;Wärme;Dublette;Fernwärme;;;kommunal;Molassebecken;;;;;;
A_Projekt in Betrieb;Ismaning;;;48.22970537486774, 11.697420933442515;Bayern;Hydrogeothermie;7,2;;78;1.906;85;48,26;;2013;;Wärme;Dublette;Fernwärme;;;kommunal;Molassebecken;;;;;;
A_Projekt in Betrieb;Simbach-Braunau;;;48.257066211392576, 13.010321196103183;Bayern;Hydrogeothermie;9,4;;81,7;1.942;90;46,94;;2000;;Wärme;Dublette;Fernwärme;;;kommunal;Molassebecken;;;GER + AUT Gemeinschaftsprojekt;;;
A_Projekt in Betrieb;Unterschleißheim;;;48.27229792099072, 11.580536621795996;Bayern;Hydrogeothermie;7;;80;1.960;100;40,2;;2003;;Wärme;Dublette;Fernwärme;Balneologie;Kalkstein;privater Investor;Molassebecken;;;;;;
A_Projekt in Betrieb;Straubing;;;48.875263721244984, 12.555202373991184;Bayern;Hydrogeothermie;2,1;;36,5;824,8;31,4;2,9;;1999;;Wärme;Dublette;2 Nahwärmenetze;Balneologie;Kalkstein, dolomit.;kommunal;Molassebecken;GeotIS fragt es nicht mehr ab, da sie nicht antworten;;;;;
A_Projekt in Betrieb;Insheim;;;49.15363259926349, 8.153275626628721;Rheinland-Pfalz;Hydrogeothermie;;4,8;165;3.600;80;;21;2012;;Strom;Dublette;Strom;;;privater Investor;Oberrheingraben;;;für spätere Auflagen: 2023 Anfang Ausbau Fernwärmenetz geplant;;;
A_Projekt in Betrieb;Bruchsal;;;49.171949, 8.478003;Baden-Württemberg;Hydrogeothermie;1,2;0,5;131;2.542;31;2,3;;2009;2019 Nahwärmenetz;Wärme & Strom;Dublette;Strom;Nahwärmenetz;;privater Investor;Oberrheingraben;;;;;;
A_Projekt in Betrieb;Pullach;;;49.245006, 8.510063;Bayern;Hydrogeothermie;16,5;;109;3.443;93;70;;2005;2011 weitere Bohrung zur bestehenden Dublette hinzugefügt  ;Wärme;Triplette;Fernwärme;;Kalke und Dolomite;kommunal;Molassebecken;;;;;;
A_Projekt in Betrieb;"Kaiserslautern ""WIPOTEC""";;;49.42149575317556, 7.637398900714602;Rheinland-Pfalz;Sonde;;;52;1450;;;;2015;;Wärme;;;;;privater Investor;;;;Quelle der Daten: https://www.tsb-energie.de/fileadmin/Redakteure/Veranstaltungen/Gebaeudeenergie/2021/Referentenbeitraege/Otto_Reisig.pdf;;;
A_Projekt in Betrieb;München-Freiham;;;49.487580, 8.481046;Bayern;Hydrogeothermie;13;;91,9;2517,8;121;99,77;;2016 ;;Wärme;Dublette;Fernwärme;;Karbonat;kommunal;Molassebecken;;;;;;
A_Projekt in Betrieb;Arnsberg;m;a;49.53062084863661, 8.641849987829817;Nordrhein-Westfalen;Sonde;0,35;;90;2.835;20;2,1;;2012;;Wärme;Tiefe Erdwärmesonde;"Gebäudeheizung vom Freibad ""Nass""";;Sandstein;kommunal;;;;;;;
A_Projekt in Betrieb;Weinheim;;;49.53062084863661, 8.641849987829817;Baden-Württemberg;Hydrogeothermie;1,1;;65;1.150;10;5,65;;2005;;Wärme;;Gebäudeheizung für 1 Gebäude, Sole für Therme;;;;Oberrheingraben;;;;;;
A_Projekt in Betrieb;Oberhaching-Laufzorn / Grünwald;;;49.533471, 8.642011;Bayern;Hydrogeothermie;40;4,3;135;3755,2;132;49,35;18,03;2011;2014 ORC-Anlage liefert Strom -> Heizkraftwerk;Wärme & Strom;Dublette;Fernwärme;Strom;Kalkstein, dolomit.;kommunal;Molassebecken;;;;;;
A_Projekt in Betrieb;Poing;;;49.60101729555329, 8.471756006871416;Bayern;Hydrogeothermie;10;;85;3.014;100;39,7;;2012;;Wärme;Dublette;Fernwärme;;;kommunal;Molassebecken;;;;;;
A_Projekt in Betrieb;Erding;;;49.60101729555329, 8.471756006871416;Bayern;Hydrogeothermie;10,2;;65;2.218;48;26,35;;1998;2008 Reinjektionsbohrung, 2009 Inbetriebnahme Heizwerk 2;Wärme;Dublette;Fernwärme;Balneologie;;kommunal;Molassebecken;;;;;;
A_Projekt in Betrieb;München-Riem;;;49.67228189268898, 8.547702641322267;Bayern;Hydrogeothermie;13;;98,4;2.747;87;79,96;;2004;;Wärme;Dublette;Fernwärme;;;kommunal;Molassebecken;;;;;;
A_Projekt in Betrieb;Heubach/Groß-Umstadt;;;49.853443023813405, 8.939736367472557;Hessen;Sonde;0,09;;36,7;773;5;;;2012;;Wärme;Tiefe Erdwärmesonde + 8 flache Erdwärmesonden;Beheizung Produktionshallen, Büros -> Nahwärme;;Kristallin;kommunal;;;;;;;
A_Projekt in Betrieb;Holzkirchen;;;50.10978686925627, 8.67630782564379;Bayern;Hydrogeothermie;5;3,6;157;;65;3,8;22,97;2019;2019 ORC-Anlage liefert Strom -> Heizkraftwerk;Wärme & Strom;Dublette;Fernwärme;Strom;Kalkstein, dolomit.;kommunal;Molassebecken;;;;;;
A_Projekt in Betrieb;Essen;m;r;51.461315, 7.016736;Nordrhein-Westfalen;Grubenwasser;0,8;;35;1200;bis 300;;;2010;;Wärme;;-;;;;;;;;;;
A_Projekt in Betrieb;Bochum Werne / Zeche Robert Müser;g;a;51.48659342746747, 7.299821269358382;Nordrhein-Westfalen;Grubenwasser;0,4;;20;570;32;1,2;;2012;;Wärme;Grubenwasser;Gebäudeheizung von Feuerwehr und 2 Schulen mit Hilfe von BHKW und WP -> Nahwärme?;;;kommunal;;;;;;;
A_Projekt in Betrieb;Marl;m;a;51.665782, 7.131589;Nordrhein-Westfalen;Sonde;0,06;;21;700;;;;2010;;Wärme;;-;;;;;https://norddeutsche-geothermietagung.de/vortraege/2022/11_lohmar_potenzial_geothermische_nachnutzung_sigmundshall.pdf;;"Zeche Auguste
Victoria
";;;
A_Projekt in Betrieb;Berlin (Reichstag);maps;a;52.5186333,13.3748185;Berlin;Aquiferspeicher;;;70;300;27,8;;;1999;;Wärme;;;;;;;;;;;;
A_Projekt in Betrieb;Neuruppin;geotis;;52.92971670587752, 12.830142096367828;Brandenburg;Hydrogeothermie;1,4;;63,4;1.702;3,9;1,09;;2007;;Wärme;Dublette;Gebäudeheizung (Hotelkomplex und Bad);Balneologie;Feinsandstein;kommunal;Nord.Becken;;;;;;
A_Projekt in Betrieb;Neustadt Glewe;;;53.370086444791845, 11.58624277017484;Mecklenburg-Vorpommern;Hydrogeothermie;4;;99;2.450;35;16,03;;1994;bis 2012 Stromerzeugung mit ORC-Anlage;Wärme;Dublette;Fernwärme;;O.Keuper (Rhaet);kommunal;Nord.Becken;;;;;;
A_Projekt in Betrieb;Waren;;;53.50846808868685, 12.706866064335136;Mecklenburg-Vorpommern;Hydrogeothermie;1,3;;63;1.565;17;1,34;;1984;Seit 2012 auch Balneologie;Wärme;Dublette;Fernwärme;Balneologie;Sandstein;kommunal;Nord.Becken;;;;;;
A_Projekt in Betrieb;Schwerin;;tabelle;53.61160506954665, 11.378065334267013;Mecklenburg-Vorpommern;Hydrogeothermie;7,5;;56;1.311;;;;2023;;Wärme;Dublette;;;;;Nord.Becken;https://www.stadtwerke-schwerin.de/home/ueber_uns/geothermie/Geothermie-in-Schwerin-Lankow-Ablauf-und-Ergebnisse,swsr_id,786,swsr_inhalt_id,2450.html;;;;;
A_Projekt in Betrieb;Landau ;Gauss-Krüger-Koordinaten;;49.1838, 8.1211;Rheinland-Pfalz;Hydrogeothermie;5;1,8;159;3.291;70;0,92;7,72;2007;;Wärme & Strom;Dublette;Strom;Fernwärme;;privater Investor;Oberrheingraben;;;;;;
A_Projekt in Betrieb;München-Sendling;Gauss-Krüger-Koordinaten;;48.1163, 11.5577;Bayern;Hydrogeothermie;50;;107;2809,18;115;126,09;;2021;;Wärme;7 Bohrungen;Fernwärme;;;;Molassebecken;;;;;;
A_Projekt in Betrieb;Unterföhring;Gauss-Krüger-Koordinaten;;48.1934, 11.6581;Bayern;Hydrogeothermie;10;;87;2.124;75;30,1;;2009;;Wärme;Dublette;Fernwärme;;;privater Investor;Molassebecken;;;;;;
A_Projekt in Betrieb;Unterföhring (2. Dublette);Gauss-Krüger-Koordinaten;;48.1942, 11.6583;Bayern;Hydrogeothermie;11,3;;93;2.341;90;42,5;;2014;;Wärme;Dublette;Fernwärme;;;privater Investor;Molassebecken;;;;;;
A_Projekt in Betrieb;Garching bei München;Gauss-Krüger-Koordinaten;;48.2613, 11.6629;Bayern;Hydrogeothermie;9,8;;75;2226,3;100;42,8;;2011;;Wärme;Dublette;Fernwärme;;Kalkstein;kommunal;Molassebecken;;;;;;
A_Projekt in Betrieb;Aschheim, Feldkirchen, Kirchheim;Gauss-Krüger-Koordinaten;;48.1705, 11.7350;Bayern;Hydrogeothermie;12,4;;87,1;2.630;84,7;75,34;;2009;;Wärme;Dublette;Fernwärme;;Kalksandstein;kommunal;Molassebecken;;AFK Geothermie GmbH;2. Dublette geplant;;;
B_Projekt in Bau;Laufzorn II;;;48.01460519793755, 11.553430596269715;Bayern;Hydrogeothermie;;;;;;;;;;;;;;;;;https://www.geothermie.de/aktuelles/nachrichten/news-anzeigen/erdwaerme-gruenwald-erhaelt-61-millionen-euro-bundesfoerderung-fuer-neue-geothermie-bohrung?tx_news_pi1%5BactbackPid%5D=137&cHash=45cea28bc5612327cf7aba755f33c620;;;;;
B_Projekt in Bau;Kirchweidach II ;;;48.084932918448494, 12.645248863893956;Bayern;Hydrogeothermie;;;;;;;;;;;;;;;;Molassebecken;https://kirchweidach.de/kirchweidach/startseite/aktuelles/bohrstart-am-geothermieprojekt-kirchweidach-ii.html;;;;;
B_Projekt in Bau;Neuperlach (Michaelibad);;;48.11672914961414, 11.636773335568694;Bayern;Hydrogeothermie;;;;;;;;;;;;;;;;;;;;;;
B_Projekt in Bau;GT Tüßling ;;;48.21203974640237, 12.60113695637902;Bayern;Hydrogeothermie;;;;;;;;;;;;;;;;;;;;;;
B_Projekt in Bau;München Allach (MTU) / Karlsfeld Ost;;;48.21324297540055, 11.480947708966209;Bayern;Hydrogeothermie;;;;;;;;;;;;;;;;Molassebecken;https://www.mtu.de/de/ueber-uns/corporate-responsibility/produktion-instandsetzung/geothermie/;;;;;
B_Projekt in Bau;Aachen-Weisweiler ;rh;a;48.84745290090928, 8.755696250173637;Nordrhein-Westfalen;Sonde;;;150;5000;;;;;27.02.2020 - 26.02.2025;;;;;;;;;RWE Power Aktiengesellschaft in Köln und Essen, Forschung durch Fraunhofer IEG;;;;
B_Projekt in Bau;Geretsried;;;48.8553759312248, 8.216217721538355;Bayern;Geschlossenes tiefengeothermisches System;;;155,3;4.736;5;;;;;;;;Dolomit;;privater Investor;Molassebecken;;;Eavor-Loop;;;
B_Projekt in Bau;Graben-Neudorf;;ß;49.403157, 8.585578;Baden-Württemberg;Hydrogeothermie;;;;;;;;2024;;;;;;53 Grad Celsius;privater Investor;Oberrheingraben;https://www.deutsche-erdwaerme.de/graben-neudorf/;Vulcan Energy/Geohardt;;;;
B_Projekt in Bau;Darmstadt;;;49.87154589534785, 8.648628854564983;Hessen;"Erdwärmesondenspeicher
/ Forschung";;;;;;;;;;;;;;;;;Projektinfo: https://www.geo.tu-darmstadt.de/geothermie/forschungsprojekte_ag/laufende_projekte_ag/skews.de.jsp;;;;;
B_Projekt in Bau;Frankfurt am Main;;;50.10978686925627, 8.67630782564379;Hessen;Forschung;;;;;;;;;;;;;;;;;letzte News: https://frankfurt.de/de-de/aktuelle-meldung/energiereferat/geothermie-forschungsbohrung-rebstock/;;;;;
B_Projekt in Bau;Bochum 2 (Stadtwerke Bochum, Mark 51°7) ;m;a;51.468190, 7.269939;Nordrhein-Westfalen;Grubenwasser;;;;;;;;;27.08.2022 bis 26.08.2027;;;;;;;;;Stadtwerke Bochum Holding GmbH;;;;
B_Projekt in Bau;Potsdam;maps;a;52.384704, 13.076484;Brandenburg;Hydrogeothermie;;;;;;;;;;;;;;;;Nord.Becken;;;;;;
B_Projekt in Bau;Berlin-Adlershof;maps;f;52.425768,13.526191;Berlin;Aquiferspeicher;;;;;;;;;;;;;;;;;;;;;;
B_Projekt in Bau;Neuruppin;geotis;;52.92971670587752, 12.830142096367828;Brandenburg;Hydrogeothermie;;;;;;;;;;;;;;;;;https://www.geothermie.de/aktuelles/nachrichten/news-anzeigen/bohrung-in-neuruppin-erreicht-500-meter-marke?tx_news_pi1%5BactbackPid%5D=137&cHash=45cea28bc5612327cf7aba755f33c620;;;;;
B_Projekt in Bau;Hamburg-Wilhelmsburg;;;53.49980094145574, 10.018523508436584;Hamburg;Hydrogeothermie;;;;;;;;;;;;;;;;Nord.Becken;;;;;;
B_Projekt in Bau;Neubrandenburg;;;53.549095553624845, 13.235606820955386;Mecklenburg-Vorpommern;Hydrogeothermie / Aquiferspeicher;;;80;1.268;28;;;1987;2004 Fertigstellung Aquiferspeicher;Wärme;Dublette;Speicher;;O.Keuper (Rhaet);kommunal;Nord.Becken;https://www.neu-sw.de/pressemeldungen/waerme-aus-der-erde-neu-sw-baut-aquiferspeicher-zu-tiefengeothermie-anlage-um;;;;;
B_Projekt in Bau;Krefeld/ Salvea - Lust auf grüne Energie;rh;a;51.34139015556271, 6.536367033083359;Nordrhein-Westfalen;Hydrogeothermie;;;;;;;;;;;;;;;;;https://www.krefeld.de/de/inhalt/geologischer-dienst-plant-forschungsbohrung-in-krefeld/;;;;;
C_Forschungsprojekte ;Alsdorf;m;r;47.61564095130721, 7.673259143632073;Nordrhein-Westfalen;Forschung;;;26;900;;;;2018;;;;;;;;Nord.Becken;;;;;;
C_Forschungsprojekte ;Mauerstetten;;;48.0940793938152, 9.803375686850341;Bayern;Forschung;;;130;4.080;;;;;;;;;;;;Molassebecken;;;;;;
C_Forschungsprojekte ;HDR Bad Urach;;;48.506939814788055, 9.374128244187277;Baden-Württemberg;Hot-Dry-Rock;;;;;;;;;;;;;;;;;;;;;;
C_Forschungsprojekte ;Zwickau;maps;r;50.716949, 12.496606;Sachsen;Grubenwasser;;;26;628;;;;2018;;Wärme;;;;;;;https://www.saechsische.de/nachhaltigkeit/sachsen-waerme-reservoir-themalwasser-vogtland-waerme-aus-grosser-tiefe-kommunen-suchen-klimaschonende-loesung-5894696.html;;;;;
C_Forschungsprojekte ;Hannover;geotis;;52.40538249243043, 9.826339230222407;Niedersachsen;Forschung;2;;169;3.820;;;;;;;;;;;;Nord.Becken;;;;;;
C_Forschungsprojekte ;Horstberg;;;52.90333311324816, 10.328054251558454;Niedersachsen;Forschung;;;159;3.920;;;;;;;;;;;;Nord.Becken;;;;;;
C_Forschungsprojekte ;Groß Schönebeck;geotis;;52.90381696285989, 13.601612176917618;Brandenburg;Forschung;;1;150;4.309;;;;2011 ;;;;;;;;Nord.Becken;;;;;;
D_Projekt in Planung;Lörrach;;;47.61564095130721, 7.673259143632073;Baden-Württemberg;Hydrogeothermie;;;;;;;;;30.06.2026.;;;;;;;;;;;;;
D_Projekt in Planung;Erdwärme Rosenheim;;;47.85647862615721, 12.118964336760932;Bayern;Hydrogeothermie;;;;;;;;;;;;;;;;;;;;;;
D_Projekt in Planung;"Weilheim ""Hardtwiese""";;;47.86731651868918, 11.197270018268414;Bayern;Hydrogeothermie;;;;;;;;;;;;;;;;;;;;;;
D_Projekt in Planung;Traunstein;;;47.86739322251717, 12.637406558652517;Bayern;Hydrogeothermie;;;;;;;;;;;;;;;;Molassebecken;http://www.geothermie-traunstein.de/;;;;;
D_Projekt in Planung;Erdwärme Feldkirchen-Westerham;;;47.90901101943569, 11.846030592357547;Bayern;Hydrogeothermie;;;;;;;;;;;;;;;;;;;;;;
D_Projekt in Planung;Wolfratshausen;;;47.91022277007403, 11.42485522227732;Bayern;Hydrogeothermie;;;;;;;;;;;;;;;;;;;;;;
D_Projekt in Planung;"""GT Törring"" II";maps;;47.93596493834527, 12.870245335646182;Bayern;Hydrogeothermie;;;;;;;;;30.04.2028;;;;;;;;;;;;;
D_Projekt in Planung;Bad Waldsee II;;;47.937327137989136, 9.76827528859064;Baden-Württemberg;Hydrogeothermie;;;;;;;;;31.12.2027;;;;;;kommunal;Molassebecken;;Stadtwerke Bad Waldsee GmbHHauptstraße 2988339 Bad Waldsee;;;;
D_Projekt in Planung;"Rupertiwinkel ""Ruperti II""";;;47.94816322814506, 12.858415312174529;Bayern;Hydrogeothermie;;;;;;;;;;;;;;;;;;;;;;
D_Projekt in Planung;Traunreut / Waging am See ;;;47.94933767298183, 12.642169490830092;Bayern;Hydrogeothermie;;;;;;;;;;;;;;;;;;;;;;
D_Projekt in Planung;Dingharting-Attenham;;;47.95717338865071, 11.544151322026869;Bayern;Hydrogeothermie;;;;;;;;;;;;;;;;;;;;;;
D_Projekt in Planung;Erlich;;;47.995934206667116, 7.788665936023102;Baden-Württemberg;Hydrogeothermie;;;;;;;;;28.02.2025;;;;;;privater Investor;Oberrheingraben;;Deutsche ErdWärme GmbHMarktplatz 382031 Grünwald;;;;
D_Projekt in Planung;"Seefeld ""Vierseen""";;;47.996346085738814, 11.252429734455514;Bayern;Hydrogeothermie;;;;;;;;;;;;;;;;;;;;;;
D_Projekt in Planung;Palling;;;48.00047371415766, 12.63827194609091;Bayern;Hydrogeothermie;;;;;;;;;;;;;;;;Molassebecken;https://www.geothermie-palling.de/presse;;;;;
D_Projekt in Planung;Trostberg;;;48.02656614542359, 12.554836688874541;Bayern;Hydrogeothermie;;;;;;;;;;;;;;;;Molassebecken;;;;;;
D_Projekt in Planung;Ammersee-West;;;48.039263487567226, 11.05212018433147;Bayern;Hydrogeothermie;;;;;;;;;;;;;;;;;;;;;;
D_Projekt in Planung;Pullach Süd;;;48.05555953496567, 11.517268338254889;Bayern;Hydrogeothermie;;;;;;;;;;;;;;;;;;;;;;
D_Projekt in Planung;Gauting West;;;48.05750893477704, 11.32290084955661;Bayern;Hydrogeothermie;;;;;;;;;31.03.2025;;;;;;;;;;;;;
D_Projekt in Planung;Gauting Ost;;;48.06592530031783, 11.404441390074705;Bayern;Hydrogeothermie;;;;;;;;;30.11.2025;;;;;;;Molassebecken;;;;;;
D_Projekt in Planung;Erdwärme Vaterstetten;;;48.105324942679125, 11.77319777951548;Bayern;Hydrogeothermie;;;;;;;;;;;;;;;;;;;;;;
D_Projekt in Planung;Planegg/Gräfelfing;;;48.11577060827251, 11.428460085810334;Bayern;Hydrogeothermie;;;;;;;;;;;;;;;;Molassebecken;https://www.geothermie-graefelfing.de/bisherige-schritte;;;;;
D_Projekt in Planung;Engelsberg;;;48.11642109736139, 12.543934147309393;Bayern;Hydrogeothermie;;;;;;;;;;;;;;;;;;;;;;
D_Projekt in Planung;Seismik Giga-M;;;48.123769490231034, 11.570897778594139;Bayern;Hydrogeothermie;;;;;;;;;;;;;;;;;;;;;;
D_Projekt in Planung;Waldweihnacht;;;48.12967611012164, 12.714686125247729;Bayern;Hydrogeothermie;;;;;;;;;;;;;;;;;;;;;;
D_Projekt in Planung;Fürstenfeldbruck-Nord;;;48.173358975378385, 11.248235202703608;Bayern;Hydrogeothermie;;;;;;;;;;;;;;;;;;;;;;
D_Projekt in Planung;Chemiepark Gendorf;;;48.17791128436578, 12.721016271812298;Bayern;Hydrogeothermie;;;;;;;;;;;;;;;;;;;;;;
D_Projekt in Planung;München-Milbertshofen (BMW);;;48.18308464137711, 11.560200296781957;Bayern;Hydrogeothermie;;;;;;;;;;;;;;;;;;;;;;
D_Projekt in Planung;"Graben ""Lechfeld""";;;48.18840515534486, 10.822471566518908;Bayern;Hydrogeothermie;;;;;;;;;;;;;;;;;;;;;;
D_Projekt in Planung;München-Freimann;;;48.18949187280258, 11.608300585147825;Bayern;Hydrogeothermie;;;;;;;;;;;;;;;;;;;;;;
D_Projekt in Planung;Aschau am Inn;;;48.19706201887078, 12.349488070534996;Bayern;Hydrogeothermie;;;;;;;;;;;;;;;;;;;;;;
D_Projekt in Planung;München-Feldmoching;;;48.20778204433672, 11.532967481480256;Bayern;Hydrogeothermie;;;;;;;;;;;;;;;;;;;;;;
D_Projekt in Planung;Graming;;;48.20820384266516, 12.666007800189224;Bayern;Hydrogeothermie;;;;;;;;;;;;;;;;;;;;;;
D_Projekt in Planung;Geiselbullach;;;48.22784945192916, 11.343633939237618;Bayern;Hydrogeothermie;;;;;;;;;;;;;;;;;;;;;;
D_Projekt in Planung;Karlsfeld Nord;;;48.22858836437431, 11.473234178130769;Bayern;Hydrogeothermie;;;;;;;;;;;;;;;;;;;;;;
D_Projekt in Planung;Ampfing Geothermal;;;48.25346600816881, 12.411744093083335;Bayern;Hydrogeothermie;;;;;;;;;;;;;;;;;;;;;;
D_Projekt in Planung;Dachau-Nord;;;48.26331321255316, 11.433373901407554;Bayern;Hydrogeothermie;;;;;;;;;;;;;;;;;;;;;;
D_Projekt in Planung;Neufahrn-Eching;;;48.30964562153244, 11.64448783339483;Bayern;Hydrogeothermie;;;;;;;;;;;;;;;;;;;;;;
D_Projekt in Planung;Lahr;;;48.33839899752713, 7.877576433800958;Baden-Württemberg;Hydrogeothermie;;;;;;;;;30.06.2026;;;;;;;;;;;;;
D_Projekt in Planung;Augsburg-Ost;;;48.38042009013776, 10.913673657882406;Bayern;Hydrogeothermie;;;;;;;;;;;;;;;;;;;;;;
D_Projekt in Planung;Stadtwärme Neu-Ulm;;;48.383146854415905, 10.008997755766739;Bayern;Hydrogeothermie;;;;;;;;;;;;;;;;;;;;;;
D_Projekt in Planung;GeoFwFreising;;;48.40164310981577, 11.742229196565955;Bayern;Hydrogeothermie;;;;;;;;;;;;;;;;;;;;;;
D_Projekt in Planung;„Jarovit“ in Wolgast;;tabelle;48.506939814788055, 9.374128244187277;Mecklenburg-Vorpommern;Hydrogeothermie;;;;;;;;;;;;;;;;;;;;;;
D_Projekt in Planung;"Altdorf ""Ziegelei""";maps;;48.5546778719727, 12.109830296177424;Bayern;Hydrogeothermie;;;;;;;;;;;;;;;;;;;;;;
D_Projekt in Planung;Ortenau II;;;48.62875171586698, 8.028673292631577;Baden-Württemberg;Hydrogeothermie;;;100;3.000;;;;;31.12.2025;;;;;;privater Investor;Oberrheingraben;;Vulcan Energie Ressourcen GmbHAmalienbadstraße 41, Bau 5276227 Karlsruhe;;;;
D_Projekt in Planung;Käfersteige;;;48.84745290090928, 8.755696250173637;Baden-Württemberg;Hydrogeothermie;;;;;;;;;31.07.2026;;;;;;;;;;;;;
D_Projekt in Planung;Römerbad;;;48.8553759312248, 8.216217721538355;Baden-Württemberg;Hydrogeothermie;;;;;;;;;31.10.2024;;;;;;privater Investor;Oberrheingraben;;Deutsche ErdWärme GmbHMarktplatz 382031 Grünwald;;;;
D_Projekt in Planung;Karlsruhe-Süd II;;;48.91536918096234, 8.31064515681801;Baden-Württemberg;Hydrogeothermie;;;;;;;;;31.07.2027;;;;;;privater Investor;Oberrheingraben;https://www.deutsche-erdwaerme.de/karlsruhe-neureut/;Deutsche ErdWärme GmbHMarktplatz 382031 Grünwald;Standortsuche findet statt;;;
D_Projekt in Planung;Aachen (Kreuz Aachen);m;r;48.91536918096234, 8.31064515681801;Nordrhein-Westfalen;Hydrogeothermie;;;;;;;;;23.06.2022 bis 22.06.2025;;;;;;;;;Stadtwerke Aachen Aktiengesellschaft in Aachen;;;;
D_Projekt in Planung;Karlsruhe-Rheinhafen;;;49.016201950224314, 8.327734833401703;Baden-Württemberg;Hydrogeothermie;;;;;;;;;31.07.2028;;;;;;;;;EnBW undStadtwerke Karlsruhe;;;;
D_Projekt in Planung;Aachen - GEObservatorium;m;f;49.016201950224314, 8.327734833401703;Nordrhein-Westfalen;Forschung;;;;;;;;;18.07.2022 bis 17.07.2027;;;;;;;;;"GEObservatorium Aachen, RWTH AACHEN UNIVERSITY	";;;;
D_Projekt in Planung;"Hagenbach ""Catharina Werde""";;;49.019931910804154, 8.251203009341912;Rheinland-Pfalz;Hydrogeothermie;;;;;;;;;;;;;;;;;;;;;;
D_Projekt in Planung;Bertha bei Wörth;;;49.05032719932745, 8.261449586874713;Rheinland-Pfalz;Hydrogeothermie;;;;;;;;;;;;;;;;;https://mbpassion.de/2023/10/daimler-truck-will-in-woerth-ueber-geothermie-waerme-gewinnen/;;;;;
D_Projekt in Planung;"Kandel ""Bienwald""";;;49.07772350346744, 8.210586214781236;Rheinland-Pfalz;Hydrogeothermie;;;;;;;;;;;;;;;;;;;;;;
D_Projekt in Planung;Rift;;;49.09783528692474, 8.112103680020146;Rheinland-Pfalz;Hydrogeothermie;;;;;;;;;;;;;;;;;;;;;;
D_Projekt in Planung;KIT Campus Nord II;;;49.09850756202273, 8.431781797071968;Baden-Württemberg;Hydrogeothermie;;;;;;;;;30.06.2026;;;;;;privater Investor;Oberrheingraben;;Arbeitsgemeinschaft Karlsruher Institut für Technologie (KIT) / EnBW Energie Baden-Württemberg AGKaiserstraße 1276131 Karlsruhe;;;;
D_Projekt in Planung;Aachen-Weisweiler;rh;a;49.09850756202273, 8.431781797071968;Nordrhein-Westfalen;Forschung;;;;;;;;;25.08.2020-24.08.2025;;;;;;;;;;;;;
D_Projekt in Planung;Biberach a.d.Riß.;;;49.12572989419394, 8.567386584802927;Baden-Württemberg;Hydrogeothermie;;;;;;;;;30.09.2028;;;;;;;;;;;;;
D_Projekt in Planung;Karlsdorf III;;;49.13612, 8.54350;Baden-Württemberg;Hydrogeothermie;;;;;;;;;;;;;;;;;;;;;;
D_Projekt in Planung;„Vineta“ in Zinnowitz;;tabelle;49.13612, 8.54350;Mecklenburg-Vorpommern;Hydrogeothermie;;;;;;;;;;;;;;;;;https://www.parchim.de/de/news/news-2024/information-geothermie/;;;;;
D_Projekt in Planung;Freiburg/ Südlicher Oberrhein;;;49.16376, 8.49329;Baden-Württemberg;Hydrogeothermie;;;;;;;;;30.04.2024;;;;;;privater Investor;Oberrheingraben;;badenova WärmePlus GmbH & Co. KGTullastraße 6179108 Freiburg;;;;
D_Projekt in Planung;"""Löwenherz""";;;49.17889321143759, 8.031623329032591;Rheinland-Pfalz;Hydrogeothermie;;;;;;;;;;;;;;;;;;;;;;
D_Projekt in Planung;"""Storchenaue""";;;49.20860956135903, 8.229263478450259;Rheinland-Pfalz;Hyrogeothermie;;;;;;;;;;;;;;;;;;;;;;
D_Projekt in Planung;Kaltenbach;;;49.2176432640233, 8.170346039287459;Rheinland-Pfalz;Hydrogeothermie;;;;;;;;;;;;;;;;;;;;;;
D_Projekt in Planung;Lingenfeld;;;49.24500495939631, 8.344264851846878;Rheinland-Pfalz;Hydrogeothermie;;;;;;;;;;;;;;;;;;;;;;
D_Projekt in Planung;Waghäusel;;;49.245006, 8.510063;Baden-Württemberg;Hydrogeothermie;;;;;;;;;;;;;;;privater Investor;Oberrheingraben;Bürgerentscheid am 23.3.23;Deutsche ErdWärme GmbHMarktplatz 382031 Grünwald;;;;
D_Projekt in Planung;"""Grumbeere""";;;49.27457481089342, 8.396897251256947;Rheinland-Pfalz;Hyrogeothermie;;;;;;;;;;;;;;;;;;;;;;
D_Projekt in Planung;"""Kerner""";;;49.349464091776255, 8.143283953759203;Rheinland-Pfalz;Hydrogeothermie;;;;;;;;;;;;;;;;;;;;;;
D_Projekt in Planung;"Haßloch ""Taro""";;;49.351968319295814, 8.265765833813434;Rheinland-Pfalz;Hydrogeothermie;;;;;;;;;;;;;;;;;;;;;;
D_Projekt in Planung;"Schifferstadt ""Rhein-Pfalz""";;;49.382200214589126, 8.374346189346241;Rheinland-Pfalz;Hydrogeothermie;;;;;;;;;;;;;;;;;;;;;;
D_Projekt in Planung;Hardt;;;49.403157, 8.585578;Baden-Württemberg;Hydrogeothermie;;;;;;;;;31.03.2026;;;;;;privater Investor;Oberrheingraben;https://www.rnf.de/mediathek/video/geothermie-die-suche-nach-heissem-wasser-in-3500-metern-tiefe/;GeoHardt GmbHScheffelstraße 1668723 Schwetzingen;Gehört zu EnBW, (Kölbel);;;
D_Projekt in Planung;Lutrina;;;49.41537759355145, 7.577750890676072;Rheinland-Pfalz;Hydrogeothermie;;;;;;;;;;;;;;;;;;;;;;
D_Projekt in Planung;Nürnberg;;;49.45249505311012, 11.071229468035005;Bayern;Hydrogeothermie;;;;;;;;;;;;;;;;;;;;;;
D_Projekt in Planung;"Bad Dürkheim ""Flaggenturm""";;;49.45981824086134, 8.16721654909178;Rheinland-Pfalz;Hydrogeothermie;;;;;;;;;;;;;;;;;;;;;;
D_Projekt in Planung;"Kaiserslautern ""Kasimir"" ";;;49.46904151573768, 7.836526094701407;Rheinland-Pfalz;Hydrogeothermie;;;;;;;;;;;;;;;;;;;;;;
D_Projekt in Planung;"Ludwigshafen 1""Ludwig""";;;49.48604491065088, 8.435699257741696;Rheinland-Pfalz;Hydrogeothermie;;;;;;;;;;;;;;;;;;;;;;
D_Projekt in Planung;Mannheim;;;49.487580, 8.481046;Baden-Württemberg;Hydrogeothermie;;;;;;;;;;;;;;;;;;;;;;
D_Projekt in Planung;"Ludwigshafen 2""Therese""";;;49.49763154141702, 8.311011774180463;Rheinland-Pfalz;Hydrogeothermie;;;;;;;;;;;;;;;;;;;;;;
D_Projekt in Planung;Weinheim-Süd;;;49.533471, 8.642011;Baden-Württemberg;Hydrogeothermie;;;;;;;;;30.11.2025;;;;;;;;;;;;;
D_Projekt in Planung;Lampertheim I;;;49.60101729555329, 8.471756006871416;Hessen;Hydrogeothermie;;;;;;;;;;;;;;;;;;;;;;
D_Projekt in Planung;Lampertheim II;;;49.60101729555329, 8.471756006871416;Hessen;Hydrogeothermie;;;;;;;;;;;;;;;;;;;;;;
D_Projekt in Planung;Worms-Silbersee;;;49.63395024457772, 8.348018093309307;Rheinland-Pfalz;Hydrogeothermie;;;;;;;;;;;;;;;;;;;;;;
D_Projekt in Planung;"Einhausen ""Jägersburg""";;;49.67228189268898, 8.547702641322267;Hessen;Hydrogeothermie;;;;;;;;;;;;;;;;Bei Biblis;https://rim.ekom21.de/lampertheim/sdnetrim/UGhVM0hpd2NXNFdFcExjZXszAKY_3xXBc9_taFXxMWeA5QJXA9haPZ1atK8RWJLv/Anlage2_Karte_zum_Ausschluss_von_Gebieten_mit_potenziellen_Nutzungskonflikten_fuer_das_Bohren.pdf;Eavor;;;;
D_Projekt in Planung;Eich-Hamm;;;49.74262266789378, 8.415054268737949;Rheinland-Pfalz;Hydrogeothermie;;;;;;;;;;;;;;;;;;;;;;
D_Projekt in Planung;Würzburg;;;49.79045753836998, 9.950922585389575;Bayern;Hydrogeothermie;;;;;;;;;;;;;;;;;;;;;;
D_Projekt in Planung;Ried;;;49.84161479691538, 8.468468523009529;Hessen;Hydrogeothermie;;;;;;;;;;;;;;;;;;;;;;
D_Projekt in Planung;Ingelheim;;;49.977761256394565, 8.052848794431371;Rheinland-Pfalz;Hydrogeothermie;;;;;;;;;;;;;;;;;;;;;;
D_Projekt in Planung;Mainz;;;49.992734509276595, 8.251454563423273;Rheinland-Pfalz;Hydrogeothermie;;;;;;;;;;;;;;;;;;;;;;
D_Projekt in Planung;Luftbrücke;;;50.03875103357532, 8.596442092659883;Hessen;Hydrogeothermie;;;;;;;;;;;;;;;;"Chemiepark Höchst und Frankfurter Flughafen
";https://www.irw-press.com/de/news/vulcan-erhaelt-neue-aufsuchungslizenz-in-der-region-frankfurt_72044.html?isin=AU0000066086;Vulcan ;;;;
D_Projekt in Planung;Erfurt;maps;r;50.03875103357532, 8.596442092659883;Thüringen;Hydrogeothermie;;;;;;;;;;;;;;;;;;;;;;
D_Projekt in Planung;"""Ulrike""";;;50.333497163695064, 7.754068038708689;Rheinland-Pfalz;Grubenwasser;;;;;;;;;;;;;;;;;;;;;;
D_Projekt in Planung;"""Geothermie-Aachen""";m;r;50.7771, 6.0851;Nordrhein-Westfalen;Hydrogeothermie;;;;;;;;;21.04.2023-20.04.2028;;;;;;;;;;;;;
D_Projekt in Planung;"""Margarete""";;;50.777931269409656, 7.947355948641481;Rheinland-Pfalz;Grubenwasser;;;;;;;;;;;;;;;;;;;;;;
D_Projekt in Planung;Freiberg;maps;r;50.916774, 13.344687;Sachsen;Grubenwasser;;;;;;;;;;;;;;;;;;;;;;
D_Projekt in Planung;RheinEnergie Erdwärme;m;r;50.939052, 6.961632;Nordrhein-Westfalen;Hydrogeothermie;;;;;;;;;;;;;;;;;;;;;;
D_Projekt in Planung;Dresden;maps;r;51.054231, 13.736253;Sachsen;Forschung;;;;;;;;;;;;;;;;;;;;;;
D_Projekt in Planung;Düsseldorf;m;r;51.237132, 6.782666;Nordrhein-Westfalen;Hydrogeothermie;;;;;;;;;02.07.2022 bis 01.07.2025;;;;;;;;https://www.duesseldorf.de/umweltamt/umwelt-und-verbraucherthemen-von-a-z/tiefengeothermie.html;Stadtwerke Düsseldorf AG;;;;
D_Projekt in Planung;Kempener Westen;m;f;51.383222, 6.417565;Nordrhein-Westfalen;Hydrogeothermie;;;;;;;;;;;;;;;;;;;;;;
D_Projekt in Planung;Hagen;m;f;51.413490, 7.474543;Nordrhein-Westfalen;Hydrogeothermie;;;130-160;3200-4100;;;;;"23.03.2019 bis 22.03.2024	";;;;;;;;https://www.kabelpaper.de/kabel-zero/aktuelles/;Kabel Premium Pulp & Paper GmbH;;;;
D_Projekt in Planung;Gelderland-Süd;m;r;51.435852, 6.269659;Nordrhein-Westfalen;Hydrogeothermie;;;;;;;;;;;;;;;;;;;;;;
D_Projekt in Planung;"Neukirchen-Vluyn ""ENNI Geothermie""";m;r;51.443674, 6.548829;Nordrhein-Westfalen;Hydrogeothermie;;;;;;;;;;;;;;;;;;;;;;
D_Projekt in Planung;"Mülheim an der Ruhr ""medl-Geotherm""";m;a;51.444271, 6.863902;Nordrhein-Westfalen;Hydrogeothermie;;;;;;;;;;;;;;;;;;;;;;
D_Projekt in Planung;Bochum 1 (Fraunhofer IEG), Zukunftsenergie;m;a;51.446259, 7.273505;Nordrhein-Westfalen;Hydrogeothermie;;;;;;;;;22.03.2012 bis 21.03.2025;;;;;;;;;Fraunhofer-Gesellschaft zur Förderung der angewandten Forschung e. V.;;;;
D_Projekt in Planung;Sangerhausen;maps;r;51.473801, 11.299247;Sachsen-Anhalt;Grubenwasser;;;;;;;;;;;;;;;;;;;;;;
D_Projekt in Planung;"Oberhausen ""evo Geotherm""";m;f;51.504352, 6.855186;Nordrhein-Westfalen;Hydrogeothermie;;;;;;;;;;;;;;;;;;;;;;
D_Projekt in Planung;Rheinberg Geothermie;m;a;51.546206, 6.603099;Nordrhein-Westfalen;Hydrogeothermie;;;;;;;;;;;;;;;;;;;;;;
D_Projekt in Planung;Göttingen I;;;51.55281238856508, 9.987586968799993;Niedersachsen;Niedersachsen;;;;;;;;;;;;;;;;;;;;;;
D_Projekt in Planung;Nordharz;;;51.906197, 10.513350;Niedersachsen;Niedersachsen;;;;;;;;;;;;;;;;;;;;;;
D_Projekt in Planung;Grüne-Wärme-Münster;m;r;51.958718, 7.626996;Nordrhein-Westfalen;Hydrogeothermie;;;;;;;;2030;;;;;;;;;;;;;;
D_Projekt in Planung;Brand;maps;f;52.03946,13.74761;Brandenburg;Hydrogeothermie;;;;;;;;;;;;;;;;Nord.Becken;;;;;;
D_Projekt in Planung;Bissendorf;;;52.237568553089204, 8.176415855713916;Niedersachsen;Hydrogeothermie;;;;;;;;;;;;;;;;;;;;;;
D_Projekt in Planung;Schwielowsee;maps;r;52.311220, 12.930138;Brandenburg;Hydrogeothermie;;;;;;;;;;;;;;;;;;;;;;
D_Projekt in Planung;Bentheimer Wald;;;52.31746797270104, 7.18581568894619;Niedersachsen;Hydrogeothermie;;;;;;;;;14.06.2027.;;;;;;;;;;;;;
D_Projekt in Planung;Kronsberg;;;52.336967071977774, 9.846344945970262;Niedersachsen;Hydrogeothermie;;;;;;;;;;;;;;;;;;;;;;
D_Projekt in Planung;Kleefeld;;;52.36888934123393, 9.796948293174552;Niedersachsen;Niedersachsen;;;;;;;;;30.11.2024;;;;;;;Nord.Becken;;Eavor GmbH;;;;
D_Projekt in Planung;Buchholz;;;52.37906085356989, 9.74703546130581;Niedersachsen;Hydrogeothermie;;;;;;;;;31.03.2024.;;;;;;;;;;;;;
D_Projekt in Planung;Hannover-Buchholz I;;;52.405053, 9.828652;Niedersachsen;Hydrogeothermie;;;;;;;;;;;;;;;;;;;;;;
D_Projekt in Planung;Nordhorn;;;52.42547546395112, 7.237632044882254;Niedersachsen;Hydrogeothermie;;;;;;;;;;;;;;;;;;;;;;
D_Projekt in Planung;Garbsen;;;52.42702492320163, 9.598757900805719;Niedersachsen;Hydrogeothermie;;;;;;;;;;;;;;;;;;;;;;
D_Projekt in Planung;Altwarmbüchener Moor;;;52.42738273502441, 9.893252782854162;Niedersachsen;Hydrogeothermie;;;;;;;;; 15.11.2022 bis 14.11.2025;;;;;;;Nord.Becken;;NDEWG GmbH Fiskediek 7a 49809 Lingen (Ems);;;;
D_Projekt in Planung;Grunewald;maps;f;52.49243,13.22909;Berlin;Hydrogeothermie;;;;;;;;;;;;;;;;;;;;;;
D_Projekt in Planung;Premnitz;maps;r;52.5282904,12.3567498;Brandenburg;Hydrogeothermie;;;;;;;;;;;;;;;;;;;;;;
D_Projekt in Planung;Berlin;maps;r;52.543533, 13.355124;Berlin;Hydrogeothermie;;;;;;;;;;;;;;;;Nord.Becken;;;;;;
D_Projekt in Planung;Altencelle;;;52.595044971923706, 10.113514579163345;Niedersachsen;Hydrogeothermie;;;;;;;;;;;;;;;;;https://www.lbeg.niedersachsen.de/aktuelles/pressemitteilungen/landkreis-celle-baker-hughes-inteq-gmbh-bekommt-feld-altencelle-zugeteilt-lbeg-erteilt-erlaubnis-zur-aufsuchung-von-erdwarme-221713.html;;;;;
D_Projekt in Planung;Ahnsbeck;;;52.61074585425046, 10.28406165249926;Niedersachsen;Hydrogeothermie;;;;;;;;;;;;;;;;;;;;;;
D_Projekt in Planung;Neumühle;maps;r;52.664298, 11.003052;Sachsen;Hydrogeothermie;;;;;;;;;;;;;;;;;https://www.freiepresse.de/vogtland/plauen/geothermie-grossprojekt-am-geysir-im-vogtland-landrat-hofft-auf-kraftwerksbau-ab-2025-artikel13324080;;;;;
D_Projekt in Planung;Bernau;maps;f;52.67851,13.58949;Brandenburg;Hydrogeothermie;;;;;;;;;;;;;;;;;;;;;;
D_Projekt in Planung;Jeetze;maps;r;52.741877, 11.423352;Sachsen-Anhalt;Hydrogeothermie;;;;;;;;;;;;;;;;;;;Lithium und Thermalwasser in bestehenden Gasbohrungen;;;
D_Projekt in Planung;Bad Fallingbostel;;;52.863515866374144, 9.695822969070726;Niedersachsen;Niedersachsen;;;;;;;;;;;;;;;;;;;;;;
D_Projekt in Planung;Horstberg (neu);;;52.908493, 10.331962;Niedersachsen;Hydrogeothermie;;;;;;;;;;;;;;;;;;;;;;
D_Projekt in Planung;Poggenpohl;;;52.94293284233058, 8.343183436073707;Niedersachsen;Hydrogeothermie;;;;;;;;;31.01.2025.;;;;;;;;;;;;;
D_Projekt in Planung;Uelzen;;;52.96741962692176, 10.563586958275387;Niedersachsen;Hydrogeothermie;;;;;;;;;;;;;;;kommunal;Nord.Becken;;"Stadtwerke Uelzen GmbH
Im Neuen Felde 105
29525 Uelzen";;;;
D_Projekt in Planung;Soltau;;;52.98257382299324, 9.842887028159513;Niedersachsen;Hydrogeothermie;;;;;;;;;30.11.2024;;;;;;kommunal;Nord.Becken;;"Stadtwerke Soltau GmbH & Co. KG
Weinberg 46
29614 Soltau";;;;
D_Projekt in Planung;Weyhe;;;52.9835928966011, 8.850545500093414;Niedersachsen;Hydrogeothermie;;;;;;;;;;;;;;;;;;;;;;
D_Projekt in Planung;Munster-Bispingen;;;52.98640066846064, 10.089694660701054;Niedersachsen;Hydrogeothermie;;;;5.000;;;;2025;;;;;;;;Nord.Becken;;;;;;
D_Projekt in Planung;Hemelingen;;;53.05239739317355, 8.89833254466889;Bremen;Hydrogeothermie;;;;;;;;;;;;;;;;;;;;;;
D_Projekt in Planung;Ilmenau I;;;53.072732, 10.581926;Niedersachsen;Hydrogeothermie;;;;;;;;;;;;;;;;;;;;;;
D_Projekt in Planung;Barnstorf;;;53.106068320150364, 13.298456416196814;Niedersachsen;Hydrogeothermie;;;;;;;;;;;;;;;;;;;;;;
D_Projekt in Planung;Mühlenhofsweg;;;53.168570, 8.233994;Niedersachsen;Hydrogeothermie;;;;;;;;;;;;;;;;;;;;;;
D_Projekt in Planung;Lüneburg I;;;53.24731862028142, 10.416274214800374;Niedersachsen;Hydrogeothermie;;;;;;;;;;;;;;;;;;;;;;
D_Projekt in Planung;Prenzlau-Nord 2/Erdwärme ;maps;a;53.3214811,13.8614210;Brandenburg;Hydrogeothermie;;;;;;;;;;;;;;;;;;;;;;
D_Projekt in Planung;Neustrelitz;maps;r;53.359613, 13.072644;Mecklenburg-Vorpommern;Hydrogeothermie;;;;;;;;;;;;;;;;;;;;;;
D_Projekt in Planung;Parchim-Stadt;;tabelle;53.42494055759068, 11.830829136586528;Mecklenburg-Vorpommern;Hydrogeothermie;;;;;;;;;;;;;;;;;;;;;;
D_Projekt in Planung;Göhren-Lebbin;;tabelle;53.47578850246684, 12.525781402961185;Mecklenburg-Vorpommern;Hydrogeothermie;;;;;;;;;;;;;;;;;https://www.base.bund.de/SharedDocs/Downloads/BASE/DE/IP/einvernehmenserklaerung/Mecklenburg-Vorpommern/BASE-21102-08-A-0088.html;;;;;
D_Projekt in Planung;Borkum;;;53.58177902984293, 6.663389159218392;Niedersachsen;Hydrogeothermie;;;;;;;;;;;;;;;;;;;;;;
D_Projekt in Planung;Norderstedt;m;r;53.699152, 10.000913;Schleswig-Holstein;Hydrogeothermie;;;;;;;;;;;;;;;;;;;;;;
D_Projekt in Planung;Lübeck;m;r;53.865277, 10.686406;Schleswig-Holstein;Hydrogeothermie;;;;;;;;;;;;;;;;;;;;;;
D_Projekt in Planung;Wismar;maps;r;53.889117, 11.463659;Mecklenburg-Vorpommern;Hydrogeothermie;;;;;;;;;;;;;;;;;;;;;;
D_Projekt in Planung;Karlshagen-Usedom/Kaiserbäder Usedom;;tabelle;53.962024716636996, 14.154660541415963;Mecklenburg-Vorpommern;Hydrogeothermie;;;;;;;;;;;;;;;;Nord.Becken;https://www.geothermie-karlshagen.de/;;;;;
D_Projekt in Planung;Neumünster;m;r;54.072649, 9.984286;Schleswig-Holstein;Hydrogeothermie;;;;;;;;;;;;;;;;;;;;;;
D_Projekt in Planung;Karlshagen-Usedom;;;54.115763163517606, 13.820448786061359;Mecklenburg-Vorpommern;Hydrogeothermie;;;;;;;;;;;;;;;;Nord.Becken;https://www.geothermie-karlshagen.de/;;;;;
D_Projekt in Planung;Stralsund;;;54.31021272312311, 13.035525256557323;Mecklenburg-Vorpommern;3 Sonden vorhanden, nicht in Nutzung;;;;;;;;;;;;;;;;Nord.Becken;;;;;;
D_Projekt in Planung;Geothermielagerstätte Prerow;;;54.43643198495533, 12.577228961206771;Mecklenburg-Vorpommern;Hydrogeothermie;;;;;;;;;;;;;;;;;;;;;;
D_Projekt in Planung;Husum;m;r;54.485220, 9.056564;Schleswig-Holstein;Hydrogeothermie;;;;;;;;;;;;;;;;;;;;;;
D_Projekt in Planung;Duisburg;rh;a;51.35514107616827, 6.8180604802403035;Nordrhein-Westfalen;Hydrogeothermie;;;;;;;;;06.08.2022 bis 05.08.2025;;;;;;;;;Stadtwerke Duisburg Aktiengesellschaft;;;;
;;;;;;;;;;;;;;;;;;;;;;;;;;;;
;;;;;;;;;;;;;;;;;;;;;;;;;;;;
;;;;;;;;;;;;;;;;;;;;;;;;;;;;
;;;;;;;;;;;;;;;;;;;;;;;;;;;;
;;;;;;;;;;;;;;;;;;;;;;;;;;;;
;;;;;;;;;;;;;;;;;;;;;;;;;;;;
;;;;;;;;;;;;;;;;;;;;;;;;;;;;
;;;;;;;;;;;;;;;;;;;;;;;;;;;;
;;;;;;;;;;;;;;;;;;;;;;;;;;;;
;;;;;;;;;;;;;;;;;;;;;;;;;;;;
;;;;;;;;;;;;;;;;;;;;;;;;;;;;
;;;;;;;;;;;;;;;;;;;;;;;;;;;;
;;;;;;;;;;;;;;;;;;;;;;;;;;;;
;;;;;;;;;;;;;;;;;;;;;;;;;;;;
;;;;;;;;;;;;;;;;;;;;;;;;;;;;
;;;;;;;;;;;;;;;;;;;;;;;;;;;;
;;;;;;;;;;;;;;;;;;;;;;;;;;;;
;;;;;;;;;;;;;;;;;;;;;;;;;;;;
;;;;;;;;;;;;;;;;;;;;;;;;;;;;
;;;;;;;;;;;;;;;;;;;;;;;;;;;;
;;;;;;;;;;;;;;;;;;;;;;;;;;;;
;;;;;;;;;;;;;;;;;;;;;;;;;;;;
;;;;;;;;;;;;;;;;;;;;;;;;;;;;
;;;;;;;;;;;;;;;;;;;;;;;;;;;;
;;;;;;;;;;;;;;;;;;;;;;;;;;;;
;;;;;;;;;;;;;;;;;;;;;;;;;;;;
;;;;;;;;;;;;;;;;;;;;;;;;;;;;
;;;;;;;;;;;;;;;;;;;;;;;;;;;;
;;;;;;;;;;;;;;;;;;;;;;;;;;;;
;;;;;;;;;;;;;;;;;;;;;;;;;;;;
