Status;Name;Koordinaten;Koordinaten Quelle;Bundesland;Art der Nutzung;Mwtherm (installierte Leistung geothermisch);MWel;max. Temperatur;Teufe in m (TVD);Forderrate (l/s) (maximal);Jahresproduktion geothermische Wärme GWh/a;Jahresproduktion geothermischer Strom GWh/a;Jahr d. Inbetrieb-nahme;Entwicklung/ Aufsuchungserlaubnis;Output;Anzahl der Bohrungen;Hauptnutzung;Nebennutzung;Reservoir ;Betreiberstruktur;Region;News zu Projekten;Betreiber Name;Zusatzinfos
C_Forschungsprojekte ;Bad Urach;48.50699119661484, 9.373306303211436;geotis;Baden-Württemberg;Hot-Dry-Rock;;;;;;;;;;;;;;;;;;;
A_Projekt in Betrieb;Bruchsal;49.12572989419394, 8.567386584802927;geotis;Baden-Württemberg;Hydrogeothermie;1,2;0,5;131;2.542;31;2,3;;2009;2019 Nahwärmenetz;Wärme & Strom;Dublette;Strom;Nahwärmenetz;;privater Investor;Oberrheingraben;;;
A_Projekt in Betrieb;Pfullendorf;47.90513081785821, 9.25284896542634;geotis;Baden-Württemberg;Hydrogeothermie;;;75;1.530;25;;;2020;;Wärme;Dublette;1 Kaserne wird beheizt;;Dolomit;Bund ;Molassebecken;;;
A_Projekt in Betrieb;Weinheim;49.53062084863661, 8.641849987829817;geotis;Baden-Württemberg;Hydrogeothermie;1,1;;65;1.150;10;5,65;;2005;;Wärme;;Gebäudeheizung für 1 Gebäude, Sole für Therme;;;;Oberrheingraben;;;
D_Projekt in Planung;Bad Waldsee II;47.937327137989136, 9.76827528859064;https://maps.lgrb-bw.de/?view=lgrb_berechtsamskarte;Baden-Württemberg;Hydrogeothermie;;;;;;;;;31.12.2027;;;;;;kommunal;Molassebecken;;Stadtwerke Bad Waldsee GmbHHauptstraße 2988339 Bad Waldsee;
D_Projekt in Planung;Biberach a.d.Riß.;48.09499347012828, 9.804962184230536;;Baden-Württemberg;Hydrogeothermie;;;;;;;;;30.09.2028;;;;;;;;;;
D_Projekt in Planung;"Dettenheim ""Erlich""";49.171949, 8.478003;;Baden-Württemberg;Hydrogeothermie;;;;;;;;;28.02.2025;;;;;;privater Investor;Oberrheingraben;;Deutsche ErdWärme GmbHMarktplatz 382031 Grünwald;
D_Projekt in Planung;Freiburg;47.99960018294129, 7.845158777389785;;Baden-Württemberg;Hydrogeothermie;;;;;;;;;30.04.2024;;;;;;privater Investor;Oberrheingraben;;badenova WärmePlus GmbH & Co. KGTullastraße 6179108 Freiburg;
D_Projekt in Planung;Hardt;49.403157, 8.585578;;Baden-Württemberg;Hydrogeothermie;;;;;;;;;31.03.2026;;;;;;privater Investor;Oberrheingraben;https://www.rnf.de/mediathek/video/geothermie-die-suche-nach-heissem-wasser-in-3500-metern-tiefe/;GeoHardt GmbHScheffelstraße 1668723 Schwetzingen;Gehört zu EnBW, (Kölbel)
D_Projekt in Planung;"Pforzheim ""Käfersteige""";48.84745290090928, 8.755696250173637;;Baden-Württemberg;Hydrogeothermie;;;;;;;;;31.07.2026;;;;;;;;;;
D_Projekt in Planung;Karlsdorf III;49.13612, 8.54350;;Baden-Württemberg;Hydrogeothermie;;;;;;;;;;;;;;;;;;;
D_Projekt in Planung;Karlsruhe-Rheinhafen;49.016201950224314, 8.327734833401703;;Baden-Württemberg;Hydrogeothermie;;;;;;;;;31.07.2028;;;;;;;;;EnBW undStadtwerke Karlsruhe;
D_Projekt in Planung;Karlsruhe-Süd II;49.00756367570188, 8.407983459828367;;Baden-Württemberg;Hydrogeothermie;;;;;;;;;31.07.2027;;;;;;privater Investor;Oberrheingraben;https://www.deutsche-erdwaerme.de/karlsruhe-neureut/;Deutsche ErdWärme GmbHMarktplatz 382031 Grünwald;Standortsuche findet statt
D_Projekt in Planung;KIT Campus Nord II;49.09850756202273, 8.431781797071968;;Baden-Württemberg;Hydrogeothermie;;;;;;;;;30.06.2026;;;;;;privater Investor;Oberrheingraben;;Arbeitsgemeinschaft Karlsruher Institut für Technologie (KIT) / EnBW Energie Baden-Württemberg AGKaiserstraße 1276131 Karlsruhe;
D_Projekt in Planung;Lahr;48.33839899752713, 7.877576433800958;;Baden-Württemberg;Hydrogeothermie;;;;;;;;;30.06.2026;;;;;;;;;;
D_Projekt in Planung;Lörrach;47.61564095130721, 7.673259143632073;;Baden-Württemberg;Hydrogeothermie;;;;;;;;;30.06.2026.;;;;;;;;;;
D_Projekt in Planung;Mannheim;49.487580, 8.481046;;Baden-Württemberg;Hydrogeothermie;;;;;;;;;;;;;;;;;;;
D_Projekt in Planung;"Phillipsburg ""Waghäusel""";49.245006, 8.510063;;Baden-Württemberg;Hydrogeothermie;;;;;;;;;;;;;;;privater Investor;Oberrheingraben;Bürgerentscheid am 23.3.23;Deutsche ErdWärme GmbHMarktplatz 382031 Grünwald;
D_Projekt in Planung;Raum Ravensburg;47.783219630139214, 9.60853313961705;;Baden-Württemberg;Hydrogeothermie;;;;;;;;;;;;;;;;;;;
D_Projekt in Planung;Römerbad;48.80920147956789, 8.180667007830856;;Baden-Württemberg;Hydrogeothermie;;;;;;;;;31.10.2024;;;;;;privater Investor;Oberrheingraben;;Deutsche ErdWärme GmbHMarktplatz 382031 Grünwald;
D_Projekt in Planung;Waldnerturm;49.59775628202355, 8.740053509445298;;Baden-Württemberg;Hydrgeothermie;;;;;;;;;;;;;;;;;;;
D_Projekt in Planung;Weinheim-Süd;49.51303157802101, 8.625109547929297;;Baden-Württemberg;Hydrogeothermie;;;;;;;;;30.11.2025;;;;;;;;;;
B_Projekt in Bau;Graben-Neudorf;49.16376, 8.49329;;Baden-Württemberg;Hydrogeothermie;;;;;;;;2024;;;;;;53 Grad Celsius;privater Investor;Oberrheingraben;https://www.deutsche-erdwaerme.de/graben-neudorf/;Vulcan Energy/Geohardt;
D_Projekt in Planung;Ortenau II;48.62875171586698, 8.028673292631577;;Baden-Württemberg;Hydrogeothermie;;;100;3;;;;;31.12.2025;;;;;;privater Investor;Oberrheingraben;;Vulcan Energie Ressourcen GmbHAmalienbadstraße 41, Bau 5276227 Karlsruhe;
A_Projekt in Betrieb;Holzkirchen;47.88189030335666, 11.719357321494547;geotis;Bayern;Hydrogeothermie;5;3,6;157;5.078;65;3,8;22,97;2019;2019 ORC-Anlage liefert Strom -> Heizkraftwerk;Wärme & Strom;Dublette;Fernwärme;Strom;Kalkstein, dolomit.;kommunal;Molassebecken;;;
A_Projekt in Betrieb;Ismaning;48.22970537486774, 11.697420933442515;geotis;Bayern;Hydrogeothermie;7,2;;78;1.906;85;48,26;;2013;;Wärme;Dublette;Fernwärme;;;kommunal;Molassebecken;;;
A_Projekt in Betrieb;Simbach-Braunau;48.257066211392576, 13.010321196103183;geotis;Bayern;Hydrogeothermie;9,4;;81,7;1.942;90;46,94;;2000;;Wärme;Dublette;Fernwärme;;;kommunal;Molassebecken;;;GER + AUT Gemeinschaftsprojekt
A_Projekt in Betrieb;Unterföhring;48.1933864433896, 11.65806130750904;geotis;Bayern;Hydrogeothermie;10;;87;2.124;75;30,1;;2009;;Wärme;Dublette;Fernwärme;;;privater Investor;Molassebecken;;;
A_Projekt in Betrieb;Erding;48.289792213335524, 11.886350402690871;geotis;Bayern;Hydrogeothermie;10,2;;65;2.218;48;26,35;;1998;2008 Reinjektionsbohrung, 2009 Inbetriebnahme Heizwerk 2;Wärme;Dublette;Fernwärme;Balneologie;;kommunal;Molassebecken;;;
A_Projekt in Betrieb;Unterföhring II;48.19419030042086, 11.65830471015045;geotis;Bayern;Hydrogeothermie;11,3;;93;2.341;90;42,5;;2014;;Wärme;Dublette;Fernwärme;;;privater Investor;Molassebecken;;;
A_Projekt in Betrieb;Waldkraiburg;48.20130287457706, 12.420294318053308;geotis;Bayern;Hydrogeothermie;14;;111,5;2.718;80;41;;2012;;Wärme;Dublette;Fernwärme;;;kommunal;Molassebecken;;;
A_Projekt in Betrieb;München-Riem;48.134697803069514, 11.716111846935974;geotis;Bayern;Hydrogeothermie;13;;98,4;2.747;87;79,96;;2004;;Wärme;Dublette;Fernwärme;;;kommunal;Molassebecken;;;
A_Projekt in Betrieb;Garching bei München;48.26126192560934, 11.66291528907552;geotis;Bayern;Hydrogeothermie;9,8;;75;2226,3;100;42,8;;2011;;Wärme;Dublette;Fernwärme;;Kalkstein;kommunal;Molassebecken;;;
A_Projekt in Betrieb;München-Freiham;48.138511875824356, 11.405109198641737;geotis;Bayern;Hydrogeothermie;13;;91,9;2517,8;121;99,77;;2016;;Wärme;Dublette;Fernwärme;;Karbonat;kommunal;Molassebecken;;;
A_Projekt in Betrieb;München-Sendling;48.116300282237844, 11.557664351044714;geotis;Bayern;Hydrogeothermie;50;;107;2809,18;115;126,09;;2021;;Wärme;7 Bohrungen;Fernwärme;;;;Molassebecken;;;
A_Projekt in Betrieb;Poing;48.16723139267549, 11.791471691465471;geotis;Bayern;Hydrogeothermie;10;;85;3.014;100;39,7;;2012;;Wärme;Dublette;Fernwärme;;;kommunal;Molassebecken;;;
A_Projekt in Betrieb;Kirchweidach;48.09957536362663, 12.645622608546594;geotis;Bayern;Hydrogeothermie;30,6;4,4;127;3.421;80;96,4;1,8;2013;2021 geplante Erweiterung der Stromproduktion durch ORC-Anlage, zurzeit unklar, ob es die Erweiterung stattgefunden hat, Bohrungen gestartet (Jan 2023);Wärme & Strom;Dublette;Fernwärme;Gewächshaus;;kommunal;Molassebecken;;;
A_Projekt in Betrieb;Pullach;48.067708753419325, 11.525744806831463;geotis;Bayern;Hydrogeothermie;16,5;;109;3.443;93;70;;2005;2011 weitere Bohrung zur bestehenden Dublette hinzugefügt  ;Wärme;Triplette;Fernwärme;;Kalke und Dolomite;kommunal;Molassebecken;;;
A_Projekt in Betrieb;Taufkirchen/Oberhaching;48.02347753735028, 11.620680194130214;geotis;Bayern;Hydrogeothermie;40;0;136;3.696;120;101;;2015;;Wärme;Dublette;Strom: Die Kalina Anlage (errichtet 2018) wurde abgebaut, 2024 soll die neue ORC-Anlage in Betrieb gehen. Deshalb zur Zeit 0;Fernwärme;;kommunal;Molassebecken;;;
A_Projekt in Betrieb;Garching a.d. Alz ;48.11868935553278, 12.571571887105844;geotis;Bayern;Hydrogeothermie;7;5,2;125;3.837;125;;27,5;2021;;Wärme & Strom;Dublette;Strom;Fernwärme;;privater Investor;Molassebecken;https://bruck.silenos-energy.com/databases/internet/_public/content30.nsf/web30?Openagent&id=96F6FA72066B984FC12587C70034B4F1;;
A_Projekt in Betrieb;Dürrnhaar;47.996250100846254, 11.726130891461885;geotis;Bayern;Hydrogeothermie;;5,5;141;3.926;133;;31,2;2012;;Strom;Dublette;Strom;;Kalkstein, dolomit.;kommunal;Molassebecken;;;
B_Projekt in Bau;Geretsried;47.8710290510463, 11.434471292527942;geotis;Bayern;Geschlossenes tiefengeothermisches System;;;155,3;4.736;5;;;;;;;;Dolomit;;privater Investor;Molassebecken;;;Eavor-Loop
A_Projekt in Betrieb;Oberhaching-Laufzorn / Grünwald;48.01998864023229, 11.562880508759404;geotis;Bayern;Hydrogeothermie;40;4,3;135;3755,2;132;49,35;18,03;2011;2014 ORC-Anlage liefert Strom -> Heizkraftwerk;Wärme & Strom;Dublette;Fernwärme;Strom;Kalkstein, dolomit.;kommunal;Molassebecken;;;
A_Projekt in Betrieb;Kirchstockach;48.02701510509703, 11.687849845382795;geotis;Bayern;Hydrogeothermie;10;5,5;125;3881,6;140,5;2;23,5;2013;2021 durch Wärmeauskopplung -> Heizkraftwerk;Wärme & Strom;Dublette;Strom;Fernwärme;Kalkstein, dolomit.;kommunal;Molassebecken;;;
A_Projekt in Betrieb;Traunreut;47.973032611148284, 12.579492009460596;geotis;Bayern;Hydrogeothermie;13,5;5,5;120;4645,8;168,6;34,3;27,6;2014;2016 Fertigstellung einer ORC-Anlage -> Heizkraftwerk;Wärme & Strom;Dublette;Fernwärme;Strom;;kommunal;Molassebecken;;;
A_Projekt in Betrieb;Straubing;48.875263721244984, 12.555202373991184;geotis;Bayern;Hydrogeothermie;2,1;;36,5;824,8;31,4;2,9;;1999;;Wärme;Dublette;2 Nahwärmenetze;Balneologie;Kalkstein, dolomit.;kommunal;Molassebecken;GeotIS fragt es nicht mehr ab, da sie nicht antworten;;
D_Projekt in Planung;"Taching am See ""GT Törring""";47.93596493834527, 12.870245335646182;: https://www.stmwi.bayern.de/energie/bodenschaetze/;Bayern;Hydrogeothermie;;;;;;;;;30.04.2028;;;;;;;;;;
D_Projekt in Planung;"Altdorf ""Ziegelei""";48.5546778719727, 12.109830296177424;;Bayern;Hydrogeothermie;;;;;;;;;;;;;;;;;;;
D_Projekt in Planung;Ammersee-West;48.039263487567226, 11.05212018433147;;Bayern;Hydrogeothermie;;;;;;;;;;;;;;;;;;;
D_Projekt in Planung;"""Ampfing Geothermal""";48.25346600816881, 12.411744093083335;;Bayern;Hydrogeothermie;;;;;;;;;;;;;;;;;;;
D_Projekt in Planung;Aschau am Inn;48.19706201887078, 12.349488070534996;;Bayern;Hydrogeothermie;;;;;;;;;;;;;;;;;;;
D_Projekt in Planung;Augsburg-Ost;48.38042009013776, 10.913673657882406;;Bayern;Hydrogeothermie;;;;;;;;;;;;;;;;;;;
D_Projekt in Planung;"""Chemiepark Gendorf""";48.17791128436578, 12.721016271812298;;Bayern;Hydrogeothermie;;;;;;;;;;;;;;;;;;;
D_Projekt in Planung;Dachau-Nord;48.26331321255316, 11.433373901407554;;Bayern;Hydrogeothermie;;;;;;;;;;;;;;;;;;;
D_Projekt in Planung;Dingharting-Attenham;47.95717338865071, 11.544151322026869;;Bayern;Hydrogeothermie;;;;;;;;;;;;;;;;;;;
D_Projekt in Planung;Engelsberg;48.11642109736139, 12.543934147309393;;Bayern;Hydrogeothermie;;;;;;;;;;;;;;;;;;;
D_Projekt in Planung;Erdwärme Feldkirchen-Westerham;47.90901101943569, 11.846030592357547;;Bayern;Hydrogeothermie;;;;;;;;;;;;;;;;;;;
D_Projekt in Planung;Rosenheim;47.85647862615721, 12.118964336760932;;Bayern;Hydrogeothermie;;;;;;;;;;;;;;;;;;;
D_Projekt in Planung;Erdwärme Vaterstetten;48.105324942679125, 11.77319777951548;;Bayern;Hydrogeothermie;;;;;;;;;;;;;;;;;;;
D_Projekt in Planung;Fürstenfeldbruck-Nord;48.173358975378385, 11.248235202703608;;Bayern;Hydrogeothermie;;;;;;;;;;;;;;;;;;;
D_Projekt in Planung;Gauting Ost;48.06592530031783, 11.404441390074705;;Bayern;Hydrogeothermie;;;;;;;;;30.11.2025;;;;;;;Molassebecken;;;
D_Projekt in Planung;Gauting West;48.05750893477704, 11.32290084955661;;Bayern;Hydrogeothermie;;;;;;;;;31.03.2025;;;;;;;;;;
D_Projekt in Planung;Geiselbullach;48.22784945192916, 11.343633939237618;;Bayern;Hydrogeothermie;;;;;;;;;;;;;;;;;;;
D_Projekt in Planung;"""GeoFwFreising""";48.40164310981577, 11.742229196565955;;Bayern;Hydrogeothermie;;;;;;;;;;;;;;;;;;;
D_Projekt in Planung;"Graben ""Lechfeld""";48.18840515534486, 10.822471566518908;;Bayern;Hydrogeothermie;;;;;;;;;;;;;;;;;;;
D_Projekt in Planung;Graming;48.20820384266516, 12.666007800189224;;Bayern;Hydrogeothermie;;;;;;;;;;;;;;;;;;;
D_Projekt in Planung;Karlsfeld Nord;48.22858836437431, 11.473234178130769;;Bayern;Hydrogeothermie;;;;;;;;;;;;;;;;;;;
D_Projekt in Planung;München-Feldmoching;48.20778204433672, 11.532967481480256;;Bayern;Hydrogeothermie;;;;;;;;;;;;;;;;;;;
D_Projekt in Planung;München-Freimann;48.18949187280258, 11.608300585147825;;Bayern;Hydrogeothermie;;;;;;;;;;;;;;;;;;;
D_Projekt in Planung;"""BMW Milbertshofen""";48.18308464137711, 11.560200296781957;;Bayern;Hydrogeothermie;;;;;;;;;;;;;;;;;;;
D_Projekt in Planung;Neufahrn-Eching;48.30964562153244, 11.64448783339483;;Bayern;Hydrogeothermie;;;;;;;;;;;;;;;;;;;
D_Projekt in Planung;Nürnberg;49.45249505311012, 11.071229468035005;;Bayern;Hydrogeothermie;;;;;;;;;;;;;;;;;;;
D_Projekt in Planung;Palling;48.00047371415766, 12.63827194609091;;Bayern;Hydrogeothermie;;;;;;;;;;;;;;;;Molassebecken;https://www.geothermie-palling.de/presse;;
D_Projekt in Planung;Gräfelfing/Planegg;48.11577060827251, 11.428460085810334;;Bayern;Hydrogeothermie;;;;;;;;;;;;;;;;Molassebecken;https://www.geothermie-graefelfing.de/bisherige-schritte;;
D_Projekt in Planung;Pullach Süd;48.05555953496567, 11.517268338254889;;Bayern;Hydrogeothermie;;;;;;;;;;;;;;;;;;;
D_Projekt in Planung;"Rupertiwinkel ""Ruperti II""";47.912024472171346, 12.878585600773969;;Bayern;Hydrogeothermie;;;;;;;;;;;;;;;;;;;
D_Projekt in Planung;"Seefeld ""Vierseen""";47.996346085738814, 11.252429734455514;;Bayern;Hydrogeothermie;;;;;;;;;;;;;;;;;;;
D_Projekt in Planung;Neu-Ulm;48.383146854415905, 10.008997755766739;;Bayern;Hydrogeothermie;;;;;;;;;;;;;;;;;;;
D_Projekt in Planung;Traunreut / Waging am See ;47.94933767298183, 12.642169490830092;;Bayern;Hydrogeothermie;;;;;;;;;;;;;;;;;;;
D_Projekt in Planung;Traunstein;47.86739322251717, 12.637406558652517;;Bayern;Hydrogeothermie;;;;;;;;;;;;;;;;Molassebecken;http://www.geothermie-traunstein.de/;;
D_Projekt in Planung;Trostberg;48.02656614542359, 12.554836688874541;;Bayern;Hydrogeothermie;;;;;;;;;;;;;;;;Molassebecken;;;
D_Projekt in Planung;"""Waldweihnacht""";48.12967611012164, 12.714686125247729;;Bayern;Hydrogeothermie;;;;;;;;;;;;;;;;;;;
D_Projekt in Planung;"Weilheim ""Hardtwiese""";47.86731651868918, 11.197270018268414;;Bayern;Hydrogeothermie;;;;;;;;;;;;;;;;;;;
D_Projekt in Planung;Wolfratshausen;47.91022277007403, 11.42485522227732;;Bayern;Hydrogeothermie;;;;;;;;;;;;;;;;;;;
D_Projekt in Planung;Würzburg;49.79045753836998, 9.950922585389575;;Bayern;Hydrogeothermie;;;;;;;;;;;;;;;;;;;
B_Projekt in Bau;GT Tüßling ;48.21203974640237, 12.60113695637902;;Bayern;Hydrogeothermie;;;;;;;;;;;;;;;;;;;
B_Projekt in Bau;Kirchweidach II ;48.084932918448494, 12.645248863893956;;Bayern;Hydrogeothermie;;;;;;;;;;;;;;;;Molassebecken;https://kirchweidach.de/kirchweidach/startseite/aktuelles/bohrstart-am-geothermieprojekt-kirchweidach-ii.html;;
B_Projekt in Bau;Laufzorn II;48.01460519793755, 11.553430596269715;;Bayern;Hydrogeothermie;;;;;;;;;;;;;;;;;https://www.geothermie.de/aktuelles/nachrichten/news-anzeigen/erdwaerme-gruenwald-erhaelt-61-millionen-euro-bundesfoerderung-fuer-neue-geothermie-bohrung?tx_news_pi1%5BactbackPid%5D=137&cHash=45cea28bc5612327cf7aba755f33c620;;
B_Projekt in Bau;München-Allach (MTU);48.21324297540055, 11.480947708966209;;Bayern;Hydrogeothermie;;;;;;;;;;;;;;;;Molassebecken;https://www.mtu.de/de/ueber-uns/corporate-responsibility/produktion-instandsetzung/geothermie/;;
B_Projekt in Bau;"Neuperlach ""Michaelibad""";48.11672914961414, 11.636773335568694;;Bayern;Hydrogeothermie;;;;;;;;;;;;;;;;;;;
C_Forschungsprojekte ;Seismik Giga-M;48.123769490231034, 11.570897778594139;;Bayern;Hydrogeothermie;;;;;;;;;;;;;;;;;;;
C_Forschungsprojekte ;Mauerstetten;47.88280454097704, 10.654513269806042;;Bayern;Forschung;;;130;;;;;;;;;;;;;Molassebecken;;;
A_Projekt in Betrieb;Sauerlach;47.97278162324089, 11.668797058077113;geotis;Bayern;Hydrogeothermie;4;5;141;4.480;110;11,9;26,4;2013;;Wärme & Strom;Triplette;Strom;Fernwärme;;kommunal;Molassebecken;;;
A_Projekt in Betrieb;Unterschleißheim;48.27229792099072, 11.580536621795996;geotis;Bayern;Hydrogeothermie;7;;80;1.960;100;40,2;;2003;;Wärme;Dublette;Fernwärme;Balneologie;Kalkstein;privater Investor;Molassebecken;;;
A_Projekt in Betrieb;Aschheim, Feldkirchen, Kirchheim;48.170542327715914, 11.734988698327786;geotis;Bayern;Hydrogeothermie;12,4;;87,1;2.630;84,7;75,34;;2009;;Wärme;Dublette;Fernwärme;;Kalksandstein;kommunal;Molassebecken;;AFK Geothermie GmbH;2. Dublette geplant
A_Projekt in Betrieb;Unterhaching;48.05707719867894, 11.597498830573379;geotis;Bayern;Hydrogeothermie;38;;126;3.350;140;183,7;;2007;2009-2017 Stromproduktion durch Kalina-Anlage;Wärme;Dublette;Fernwärme;;;kommunal;Molassebecken;;;
A_Projekt in Betrieb;Berlin (Reichstag);52.5186333,13.3748185;;Berlin;Aquiferspeicher;;;70;300;27,8;;;1999;;Wärme;;;;;;;;;
D_Projekt in Planung;Berlin I + II + III;52.543533, 13.355124;;Berlin;Hydrogeothermie;;;;;;;;;;;;;;;;Nord.Becken;;;
D_Projekt in Planung;Campus Berlin-Buch;52.641408481977344, 13.494661770210252;https://geo.brandenburg.de/?page=LBGR-Webservices;Berlin;Hydrogeothermie;;;;;;;;;;;;;;;;;;;
D_Projekt in Planung;Oranienburg;52.75528270173587, 13.23715413295646;;Berlin;Hydrogeothermie;;;;;;;;;;;;;;;;;;;
B_Projekt in Bau;Reallabor Geospeicher Berlin;52.425768,13.526191;;Berlin;Froschung;;;;;;;;;;;;;;;;;;;
A_Projekt in Betrieb;Neuruppin;52.92971670587752, 12.830142096367828;geotis;Brandenburg;Hydrogeothermie;1,4;;63,4;1.702;3,9;1,09;;2007;;Wärme;Dublette;Gebäudeheizung (Hotelkomplex und Bad);Balneologie;Feinsandstein;kommunal;Nord.Becken;;;
C_Forschungsprojekte ;Groß Schönebeck;52.90381696285989, 13.601612176917618;geotis;Brandenburg;Forschung;;1;150;4.309;;;;2011;;;;;;;;Nord.Becken;;;
D_Projekt in Planung;Bernau;52.67851,13.58949;;Brandenburg;Hydrogeothermie;;;;;;;;;;;;;;;;;;;
D_Projekt in Planung;Brand;52.03946,13.74761;;Brandenburg;Hydrogeothermie;;;;;;;;;;;;;;;;Nord.Becken;;;
D_Projekt in Planung;Premnitz;52.5282904,12.3567498;;Brandenburg;Hydrogeothermie;;;;;;;;;;;;;;;;;;;
D_Projekt in Planung;Prenzlau;53.3214811,13.8614210;;Brandenburg;Hydrogeothermie;;;;;;;;;;;;;;;;;;;
D_Projekt in Planung;Schwielowsee;52.311220, 12.930138;;Brandenburg;Hydrogeothermie;;;;;;;;;;;;;;;;;;;
B_Projekt in Bau;Neuruppin;52.95453749288014, 12.825719474771933;;Brandenburg;Hydrogeothermie;;;;;;;;;;;;;;;;Nord.Becken;;;
B_Projekt in Bau;Potsdam;52.384704, 13.076484 ;;Brandenburg;Hydrogeothermie;;;;;;;;;;;;;;;;https://www.geothermie.de/aktuelles/nachrichten/news-anzeigen/bohrung-in-neuruppin-erreicht-500-meter-marke?tx_news_pi1%5BactbackPid%5D=137&cHash=45cea28bc5612327cf7aba755f33c620;;;
D_Projekt in Planung;Hemelingen;53.05239739317355, 8.89833254466889;;Bremen;Hydrogeothermie;;;;;;;;;;;;;;;;;;;
B_Projekt in Bau;Hamburg-Wilhelmsburg;53.49980094145574, 10.018523508436584;;Hamburg;Hydrogeothermie;;;;;;;;;;;;;;;;Nord.Becken;;;
A_Projekt in Betrieb;Heubach/Groß-Umstadt;49.84101897783786, 8.954197353149135;geotis;Hessen;Sonde;0,09;;36,7;773;5;;;2012;;Wärme;Tiefe Erdwärmesonde + 8 flache Erdwärmesonden;Beheizung Produktionshallen, Büros -> Nahwärme;;Kristallin;kommunal;;;;
B_Projekt in Bau;Darmstadt;49.87154589534785, 8.648628854564983;;Hessen;"Erdwärmesondenspeicher
/ Forschung";;;;;;;;;;;;;;;;;Projektinfo: https://www.geo.tu-darmstadt.de/geothermie/forschungsprojekte_ag/laufende_projekte_ag/skews.de.jsp;;
B_Projekt in Bau;Frankfurt am Main;50.10978686925627, 8.67630782564379;;Hessen;Forschung;;;;;;;;;;;;;;;;;letzte News: https://frankfurt.de/de-de/aktuelle-meldung/energiereferat/geothermie-forschungsbohrung-rebstock/;;
D_Projekt in Planung;"Einhausen ""Jägersburg""";49.67228189268898, 8.547702641322267;;Hessen;Hydrogeothermie;;;;;;;;;;;;;;;;Bei Biblis;https://rim.ekom21.de/lampertheim/sdnetrim/UGhVM0hpd2NXNFdFcExjZXszAKY_3xXBc9_taFXxMWeA5QJXA9haPZ1atK8RWJLv/Anlage2_Karte_zum_Ausschluss_von_Gebieten_mit_potenziellen_Nutzungskonflikten_fuer_das_Bohren.pdf;Eavor;
D_Projekt in Planung;Lampertheim I;49.60101729555329, 8.471756006871416;;Hessen;Hydrogeothermie;;;;;;;;;;;;;;;;;;;
D_Projekt in Planung;Lampertheim II;49.60205500948561, 8.49202248367049;;Hessen;Hydrogeothermie;;;;;;;;;;;;;;;;;;;
D_Projekt in Planung;"""Luftbrücke""";50.03875103357532, 8.596442092659883;;Hessen;Hydrogeothermie;;;;;;;;;;;;;;;;"Chemiepark Höchst und Frankfurter Flughafen
";https://www.irw-press.com/de/news/vulcan-erhaelt-neue-aufsuchungslizenz-in-der-region-frankfurt_72044.html?isin=AU0000066086;Vulcan ;
D_Projekt in Planung;Ried;49.84161479691538, 8.468468523009529;;Hessen;Hydrogeothermie;;;;;;;;;;;;;;;;;;;
A_Projekt in Betrieb;Neubrandenburg;53.549095553624845, 13.235606820955386;geotis;Mecklenburg-Vorpommern;Hydrogeothermie / Aquiferspeicher;;;80;1.268;28;;;1987;2004 Fertigstellung Aquiferspeicher;Wärme;Dublette;Speicher;;O.Keuper (Rhaet);kommunal;Nord.Becken;https://www.neu-sw.de/pressemeldungen/waerme-aus-der-erde-neu-sw-baut-aquiferspeicher-zu-tiefengeothermie-anlage-um;;
A_Projekt in Betrieb;Schwerin;53.61160506954665, 11.378065334267013;;Mecklenburg-Vorpommern;Hydrogeothermie;7,5;;56;1.311;;;;2023;;Wärme;Dublette;;;;;Nord.Becken;https://www.stadtwerke-schwerin.de/home/ueber_uns/geothermie/Geothermie-in-Schwerin-Lankow-Ablauf-und-Ergebnisse,swsr_id,786,swsr_inhalt_id,2450.html;;
A_Projekt in Betrieb;Waren;53.50846808868685, 12.706866064335136;geotis;Mecklenburg-Vorpommern;Hydrogeothermie;1,3;;63;1.565;17;1,34;;1984;Seit 2012 auch Balneologie;Wärme;Dublette;Fernwärme;Balneologie;Sandstein;kommunal;Nord.Becken;;;
D_Projekt in Planung;Wolgast „Jarovit“;54.05274766182214, 13.739785525325175;;Mecklenburg-Vorpommern;Hydrogeothermie;;;;;;;;;;;;;;;;;;;
D_Projekt in Planung;Zinnowitz „Vineta“;54.072248106892204, 13.911824124756217;;Mecklenburg-Vorpommern;Hydrogeothermie;;;;;;;;;;;;;;;;;https://www.parchim.de/de/news/news-2024/information-geothermie/;;
D_Projekt in Planung;Göhren-Lebbin;53.47578850246684, 12.525781402961185;;Mecklenburg-Vorpommern;Hydrogeothermie;;;;;;;;;;;;;;;;;https://www.base.bund.de/SharedDocs/Downloads/BASE/DE/IP/einvernehmenserklaerung/Mecklenburg-Vorpommern/BASE-21102-08-A-0088.html;;
D_Projekt in Planung;Karlshagen-Usedom;54.115763163517606, 13.820448786061359;;Mecklenburg-Vorpommern;Hydrogeothermie;;;;;;;;;;;;;;;;Nord.Becken;https://www.geothermie-karlshagen.de/;;
D_Projekt in Planung;Kaiserbäder Usedom;53.962024716636996, 14.154660541415963;;Mecklenburg-Vorpommern;Hydrogeothermie;;;;;;;;;;;;;;;;Nord.Becken;https://www.geothermie-karlshagen.de/;;
D_Projekt in Planung;Parchim-Stadt;53.42494055759068, 11.830829136586528;;Mecklenburg-Vorpommern;Hydrogeothermie;;;;;;;;;;;;;;;;;;;
D_Projekt in Planung;Stralsund;54.31021272312311, 13.035525256557323;;Mecklenburg-Vorpommern;3 Sonden vorhanden, nicht in Nutzung;;;;;;;;;;;;;;;;Nord.Becken;;;
A_Projekt in Betrieb;Neustadt-Glewe;53.370086444791845, 11.58624277017484;geotis;Mecklenburg-Vorpommern;Hydrogeothermie;4;;99;2.450;35;16,03;;1994;bis 2012 Stromerzeugung mit ORC-Anlage;Wärme;Dublette;Fernwärme;;O.Keuper (Rhaet);kommunal;Nord.Becken;;;
C_Forschungsprojekte ;Horstberg;52.90333311324816, 10.328054251558454;geotis;Niedersachsen;Forschung;;;159;;;;;;;;;;;;;Nord.Becken;;;
C_Forschungsprojekte ;Hannover;52.40538249243043, 9.826339230222407;geotis;Niedersachsen;Forschung;2;;169;;;;;;;;;;;;;Nord.Becken;;;
D_Projekt in Planung;Ahnsbeck;52.61074585425046, 10.28406165249926;NIBIS Kartenserver : powered by cardo.Map (lbeg.de);Niedersachsen;Hydrogeothermie;;;;;;;;;;;;;;;;;;;
D_Projekt in Planung;Altencelle;52.595044971923706, 10.113514579163345;;Niedersachsen;Hydrogeothermie;;;;;;;;;;;;;;;;;https://www.lbeg.niedersachsen.de/aktuelles/pressemitteilungen/landkreis-celle-baker-hughes-inteq-gmbh-bekommt-feld-altencelle-zugeteilt-lbeg-erteilt-erlaubnis-zur-aufsuchung-von-erdwarme-221713.html;;
D_Projekt in Planung;"""Altwarmbüchener Moor""";52.42738273502441, 9.893252782854162;;Niedersachsen;Hydrogeothermie;;;;;;;;; 15.11.2022 bis 14.11.2025;;;;;;;Nord.Becken;;NDEWG GmbH Fiskediek 7a 49809 Lingen (Ems);
D_Projekt in Planung;Bad Fallingbostel;52.863515866374144, 9.695822969070726;;Niedersachsen;Niedersachsen;;;;;;;;;;;;;;;;;;;
D_Projekt in Planung;Barnstorf;52.7050274067317, 8.504699625922768;;Niedersachsen;Hydrogeothermie;;;;;;;;;;;;;;;;;;;
D_Projekt in Planung;Bentheimer Wald;52.31746797270104, 7.18581568894619;;Niedersachsen;Hydrogeothermie;;;;;;;;;14.06.2027.;;;;;;;;;;
D_Projekt in Planung;Bissendorf;52.49530012213466, 9.674800512868208;;Niedersachsen;Hydrogeothermie;;;;;;;;;;;;;;;;;;;
D_Projekt in Planung;Borkum;53.58177902984293, 6.663389159218392;;Niedersachsen;Hydrogeothermie;;;;;;;;;;;;;;;;;;;
D_Projekt in Planung;Braunschweig V;52.267331549145354, 10.523076226129794;;Niedersachsen;Hydrogeothermie;;;;;;;;;;;;;;;;;;;
D_Projekt in Planung;Garbsen;52.42702492320163, 9.598757900805719;;Niedersachsen;Hydrogeothermie;;;;;;;;;;;;;;;;;;;
D_Projekt in Planung;Göttingen;51.55281238856508, 9.987586968799993;;Niedersachsen;Niedersachsen;;;;;;;;;;;;;;;;;;;
D_Projekt in Planung;Hannover-Buchholz;52.405053, 9.828652;;Niedersachsen;Hydrogeothermie;;;;;;;;;;;;;;;;;;;
D_Projekt in Planung;Horstberg (neu);52.92726525447614, 10.31869745992935;;Niedersachsen;Hydrogeothermie;;;;;;;;;;;;;;;;;;;
D_Projekt in Planung;"Bad Bevensen ""Ilmenau I""";53.072732, 10.581926;;Niedersachsen;Hydrogeothermie;;;;;;;;;;;;;;;;;;;
D_Projekt in Planung;"""Kleefeld I""";52.40693785441795, 9.755866001933198;;Niedersachsen;Niedersachsen;;;;;;;;;30.11.2024;;;;;;;Nord.Becken;;Eavor GmbH;
D_Projekt in Planung;Kronsberg;52.334263224509925, 9.848257023391437;;Niedersachsen;Hydrogeothermie;;;;;;;;;;;;;;;;;;;
D_Projekt in Planung;Lüneburg;53.24731862028142, 10.416274214800374;;Niedersachsen;Hydrogeothermie;;;;;;;;;;;;;;;;;;;
D_Projekt in Planung;Mühlenhofsweg;53.168570, 8.233994;;Niedersachsen;Hydrogeothermie;;;;;;;;;;;;;;;;;;;
D_Projekt in Planung;Nordharz;51.906197, 10.513350;;Niedersachsen;Niedersachsen;;;;;;;;;;;;;;;;;;;
D_Projekt in Planung;Nordhorn;52.42547546395112, 7.237632044882254;;Niedersachsen;Hydrogeothermie;;;;;;;;;;;;;;;;;;;
D_Projekt in Planung;"""Poggenpohl""";52.94293284233058, 8.343183436073707;;Niedersachsen;Hydrogeothermie;;;;;;;;;31.01.2025.;;;;;;;;;;
D_Projekt in Planung;Soltau;52.98257382299324, 9.842887028159513;;Niedersachsen;Hydrogeothermie;;;;;;;;;30.11.2024;;;;;;kommunal;Nord.Becken;;"Stadtwerke Soltau GmbH & Co. KG
Weinberg 46
29614 Soltau";
D_Projekt in Planung;Uelzen I;52.96741962692176, 10.563586958275387;;Niedersachsen;Hydrogeothermie;;;;;;;;;;;;;;;kommunal;Nord.Becken;;"Stadtwerke Uelzen GmbH
Im Neuen Felde 105
29525 Uelzen";
D_Projekt in Planung;Weyhe;52.9835928966011, 8.850545500093414;;Niedersachsen;Hydrogeothermie;;;;;;;;;;;;;;;;;;;
D_Projekt in Planung;"""Wolfsburger Revier""";52.4230936673154, 10.786121116346246;;Niedersachsen;Hydrogeothermie;;;;;;;;;;;;;;;;;;;
D_Projekt in Planung;Munster-Bispingen;52.98640066846064, 10.089694660701054;;Niedersachsen;Hydrogeothermie;;;;5;;;;2025;;;;;;;;Nord.Becken;;;
A_Projekt in Betrieb;Essen;51.461315, 7.016736;;Nordrhein-Westfalen;Grubenwasser;0,8;;35;1200;bis 300;;;2010;;Wärme;;-;;;;;;;
A_Projekt in Betrieb;Arnsberg;51.431306202705876, 8.003896188222733;geotis;Nordrhein-Westfalen;Sonde;0,35;;90;2.835;20;2,1;;2012;;Wärme;Tiefe Erdwärmesonde;"Gebäudeheizung vom Freibad ""Nass""";;Sandstein;kommunal;;;;
A_Projekt in Betrieb;Bochum Werne / Zeche Robert Müser;51.48659342746747, 7.299821269358382;geotis;Nordrhein-Westfalen;Grubenwasser;0,4;;20;570;32;1,2;;2012;;Wärme;Grubenwasser;Gebäudeheizung von Feuerwehr und 2 Schulen mit Hilfe von BHKW und WP -> Nahwärme?;;;kommunal;;;;
A_Projekt in Betrieb;Marl;51.665782, 7.131589;;Nordrhein-Westfalen;Sonde;0,06;;21;700;;;;2010;;Wärme;;-;;;;;https://norddeutsche-geothermietagung.de/vortraege/2022/11_lohmar_potenzial_geothermische_nachnutzung_sigmundshall.pdf;;"Zeche Auguste
Victoria
"
B_Projekt in Bau;Bochum (Stadtwerke Bochum) ;51.468190, 7.269939;;Nordrhein-Westfalen;Grubenwasser;;;;;;;;;27.08.2022 bis 26.08.2027;;;;;;;;;Stadtwerke Bochum Holding GmbH;
B_Projekt in Bau;Krefeld;51.34139015556271, 6.536367033083359;;Nordrhein-Westfalen;Hydrogeothermie;;;;;;;;;;;;;;;;;https://www.krefeld.de/de/inhalt/geologischer-dienst-plant-forschungsbohrung-in-krefeld/;;
D_Projekt in Planung;"""Geothermie-Aachen""";50.7771, 6.0851;https://www.geothermie.nrw.de/tief;Nordrhein-Westfalen;Hydrogeothermie;;;;;;;;;21.04.2023-20.04.2028;;;;;;;;;;
D_Projekt in Planung;Aachen - GEObservatorium;50.766245, 6.179830;;Nordrhein-Westfalen;Forschung;;;;;;;;;18.07.2022 bis 17.07.2027;;;;;;;;;GEObservatorium Aachen, RWTH AACHEN UNIVERSITY;
D_Projekt in Planung;Aachen (Kreuz Aachen);50.804479, 6.170460;;Nordrhein-Westfalen;Hydrogeothermie;;;;;;;;;23.06.2022 bis 22.06.2025;;;;;;;;;Stadtwerke Aachen Aktiengesellschaft in Aachen;
D_Projekt in Planung;Aachen-Weisweiler;50.828488845357484, 6.324635686424948;;Nordrhein-Westfalen;Forschung;;;;;;;;;25.08.2020-24.08.2025;;;;;;;;;;
D_Projekt in Planung;Bochum (Fraunhofer IEG);51.446259, 7.273505;;Nordrhein-Westfalen;Hydrogeothermie;;;;;;;;;22.03.2012 bis 21.03.2025;;;;;;;;;Fraunhofer-Gesellschaft zur Förderung der angewandten Forschung e. V.;
D_Projekt in Planung;Duisburg;51.43712636153094, 6.768430344532964;;Nordrhein-Westfalen;Hydrogeothermie;;;;;;;;;06.08.2022 bis 05.08.2025;;;;;;;;;Stadtwerke Duisburg Aktiengesellschaft;
D_Projekt in Planung;Düsseldorf;51.237132, 6.782666;;Nordrhein-Westfalen;Hydrogeothermie;;;;;;;;;02.07.2022 bis 01.07.2025;;;;;;;;https://www.duesseldorf.de/umweltamt/umwelt-und-verbraucherthemen-von-a-z/tiefengeothermie.html;Stadtwerke Düsseldorf AG;
D_Projekt in Planung;Gelderland-Süd;51.435852, 6.269659;;Nordrhein-Westfalen;Hydrogeothermie;;;;;;;;;;;;;;;;;;;
D_Projekt in Planung;Münster;51.958718, 7.626996;;Nordrhein-Westfalen;Hydrogeothermie;;;;;;;;2030;;;;;;;;;;;
D_Projekt in Planung;Kempen;51.383222, 6.417565;;Nordrhein-Westfalen;Hydrogeothermie;;;;;;;;;;;;;;;;;;;
D_Projekt in Planung;"Mülheim an der Ruhr ""medl-Geotherm""";51.444271, 6.863902;;Nordrhein-Westfalen;Hydrogeothermie;;;;;;;;;;;;;;;;;;;
D_Projekt in Planung;"Neukirchen-Vluyn ""ENNI Geothermie""";51.443674, 6.548829;;Nordrhein-Westfalen;Hydrogeothermie;;;;;;;;;;;;;;;;;;;
D_Projekt in Planung;"Oberhausen ""evo Geotherm""";51.504352, 6.855186;;Nordrhein-Westfalen;Hydrogeothermie;;;;;;;;;;;;;;;;;;;
D_Projekt in Planung;Rheinberg;51.546206, 6.603099;;Nordrhein-Westfalen;Hydrogeothermie;;;;;;;;;;;;;;;;;;;
D_Projekt in Planung;RheinEnergie Erdwärme;50.939052, 6.961632;;Nordrhein-Westfalen;Hydrogeothermie;;;;;;;;;;;;;;;;;;;
D_Projekt in Planung;Hagen;51.413490, 7.474543;;Nordrhein-Westfalen;Hydrogeothermie;;;130-160;3200-4100;;;;;23.03.2019 bis 22.03.2024;;;;;;;;;https://www.kabelpaper.de/kabel-zero/aktuelles/;Kabel Premium Pulp & Paper GmbH
B_Projekt in Bau;Aachen-Weisweiler ;50.82706913379027, 6.297889113612327;;Nordrhein-Westfalen;Sonde;;;150;5000;;;;;27.02.2020 - 26.02.2025;;;;;;;;;RWE Power Aktiengesellschaft in Köln und Essen, Forschung durch Fraunhofer IEG;
C_Forschungsprojekte ;Alsdorf;50.871812, 6.162400;;Nordrhein-Westfalen;Forschung;;;26;900;;;;2018;;;;;;;;Nord.Becken;;;
A_Projekt in Betrieb;"Kaiserslautern ""WIPOTEC""";49.42149575317556, 7.637398900714602;;Rheinland-Pfalz;Sonde;;;52;1450;;;;2015;;Wärme;;;;;privater Investor;;;;Quelle der Daten: https://www.tsb-energie.de/fileadmin/Redakteure/Veranstaltungen/Gebaeudeenergie/2021/Referentenbeitraege/Otto_Reisig.pdf
A_Projekt in Betrieb;Landau ;49.18380273312805, 8.121074550156372;geotis;Rheinland-Pfalz;Hydrogeothermie;5;1,8;159;3.291;70;0,92;7,72;2007;;Wärme & Strom;Dublette;Strom;Fernwärme;;privater Investor;Oberrheingraben;;;
A_Projekt in Betrieb;Insheim;49.15363259926349, 8.153275626628721;geotis;Rheinland-Pfalz;Hydrogeothermie;;4,8;165;3.600;80;;21;2012;;Strom;Dublette;Strom;;;privater Investor;Oberrheingraben;;;für spätere Auflagen: 2023 Anfang Ausbau Fernwärmenetz geplant
D_Projekt in Planung;"""Grumbeere""";49.27457481089342, 8.396897251256947;Kartenviewer (lgb-rlp.de);Rheinland-Pfalz;Hyrogeothermie;;;;;;;;;;;;;;;;;;;
D_Projekt in Planung;"""Kerner""";49.349464091776255, 8.143283953759203;;Rheinland-Pfalz;Hydrogeothermie;;;;;;;;;;;;;;;;;;;
D_Projekt in Planung;"""Löwenherz""";49.17889321143759, 8.031623329032591;;Rheinland-Pfalz;Hydrogeothermie;;;;;;;;;;;;;;;;;;;
D_Projekt in Planung;Margarete I;50.777931269409656, 7.947355948641481;;Rheinland-Pfalz;Grubenwasser;;;;;;;;;;;;;;;;;;;
D_Projekt in Planung;"Bad Ems ""Ulrike""";50.333497163695064, 7.754068038708689;;Rheinland-Pfalz;Grubenwasser;;;;;;;;;;;;;;;;;;;
D_Projekt in Planung;"Bad Dürkheim ""Flaggenturm""";49.45981824086134, 8.16721654909178;;Rheinland-Pfalz;Hydrogeothermie;;;;;;;;;;;;;;;;;;;
D_Projekt in Planung;"Wörth ""Bertha""";49.05032719932745, 8.261449586874713;;Rheinland-Pfalz;Hydrogeothermie;;;;;;;;;;;;;;;;;https://mbpassion.de/2023/10/daimler-truck-will-in-woerth-ueber-geothermie-waerme-gewinnen/;;
D_Projekt in Planung;Eich-Hamm;49.74262266789378, 8.415054268737949;;Rheinland-Pfalz;Hydrogeothermie;;;;;;;;;;;;;;;;;;;
D_Projekt in Planung;"Hagenbach ""Catharina Werde""";49.019931910804154, 8.251203009341912;;Rheinland-Pfalz;Hydrogeothermie;;;;;;;;;;;;;;;;;;;
D_Projekt in Planung;"Haßloch ""Taro""";49.351968319295814, 8.265765833813434;;Rheinland-Pfalz;Hydrogeothermie;;;;;;;;;;;;;;;;;;;
D_Projekt in Planung;Ingelheim;49.977761256394565, 8.052848794431371;;Rheinland-Pfalz;Hydrogeothermie;;;;;;;;;;;;;;;;;;;
D_Projekt in Planung;"Kaiserslautern ""Kasimir"" ";49.46904151573768, 7.836526094701407;;Rheinland-Pfalz;Hydrogeothermie;;;;;;;;;;;;;;;;;;;
D_Projekt in Planung;Kaltenbach;49.2176432640233, 8.170346039287459;;Rheinland-Pfalz;Hydrogeothermie;;;;;;;;;;;;;;;;;;;
D_Projekt in Planung;"Kandel ""Bienwald""";49.07772350346744, 8.210586214781236;;Rheinland-Pfalz;Hydrogeothermie;;;;;;;;;;;;;;;;;;;
D_Projekt in Planung;Lingenfeld;49.24500495939631, 8.344264851846878;;Rheinland-Pfalz;Hydrogeothermie;;;;;;;;;;;;;;;;;;;
D_Projekt in Planung;"Ludwigshafen I ""Ludwig""";49.48604491065088, 8.435699257741696;;Rheinland-Pfalz;Hydrogeothermie;;;;;;;;;;;;;;;;;;;
D_Projekt in Planung;"Ludwigshafen II ""Therese""";49.49763154141702, 8.311011774180463;;Rheinland-Pfalz;Hydrogeothermie;;;;;;;;;;;;;;;;;;;
D_Projekt in Planung;Lutrina;49.41537759355145, 7.577750890676072;;Rheinland-Pfalz;Hydrogeothermie;;;;;;;;;;;;;;;;;;;
D_Projekt in Planung;Mainz;49.992734509276595, 8.251454563423273;;Rheinland-Pfalz;Hydrogeothermie;;;;;;;;;;;;;;;;;;;
D_Projekt in Planung;"""Rift""";49.09783528692474, 8.112103680020146;;Rheinland-Pfalz;Hydrogeothermie;;;;;;;;;;;;;;;;;;;
D_Projekt in Planung;"Rülzheim ""Storchenaue""";49.20860956135903, 8.229263478450259;;Rheinland-Pfalz;Hyrogeothermie;;;;;;;;;;;;;;;;;;;
D_Projekt in Planung;"Schifferstadt ""Rhein-Pfalz""";49.382200214589126, 8.374346189346241;;Rheinland-Pfalz;Hydrogeothermie;;;;;;;;;;;;;;;;;;;
D_Projekt in Planung;Worms-Silbersee;49.63395024457772, 8.348018093309307;;Rheinland-Pfalz;Hydrogeothermie;;;;;;;;;;;;;;;;;;;
D_Projekt in Planung;Auerbach;50.73917722406988, 12.542819913849803;;Sachsen;Hydrogeothermie;;;;;;;;;;;;;;;;;;;
D_Projekt in Planung;Dresden-Heidenau;51.054231, 13.736253;;Sachsen;Forschung;;;;;;;;;;;;;;;;;;;
D_Projekt in Planung;Freiberg;50.916774, 13.344687;;Sachsen;Grubenwasser;;;;;;;;;;;;;;;;;;;
D_Projekt in Planung;Silberberg;50.49695326710284, 12.661070213915194;;Sachsen;Hydrogeothermie;;;;;;;;;;;;;;;;;;;
D_Projekt in Planung;Vogtlandkreis;50.42648230429329, 12.169992285516651;;Sachsen;Hydrogeothermie;;;;;;;;;;;;;;;;;;;
C_Forschungsprojekte ;Zwickau;50.716949, 12.496606;;Sachsen;Grubenwasser;;;26;628;;;;2018;;Wärme;;;;;;;https://www.saechsische.de/nachhaltigkeit/sachsen-waerme-reservoir-themalwasser-vogtland-waerme-aus-grosser-tiefe-kommunen-suchen-klimaschonende-loesung-5894696.html;;
D_Projekt in Planung;Jeetze;52.741877, 11.423352;Sachsen-Anhalt-Viewer;Sachsen-Anhalt;Hydrogeothermie;;;;;;;;;;;;;;;;;;;Lithium und Thermalwasser in bestehenden Gasbohrungen
D_Projekt in Planung;Sangerhausen;51.473801, 11.299247;;Sachsen-Anhalt;Grubenwasser;;;;;;;;;;;;;;;;;;;
D_Projekt in Planung;Husum;54.485220, 9.056564;;Schleswig-Holstein;Hydrogeothermie;;;;;;;;;;;;;;;;;;;
D_Projekt in Planung;Neumünster;54.072649, 9.984286;;Schleswig-Holstein;Hydrogeothermie;;;;;;;;;;;;;;;;;;;
D_Projekt in Planung;Norderstedt;53.699152, 10.000913;;Schleswig-Holstein;Hydrogeothermie;;;;;;;;;;;;;;;;;;;
D_Projekt in Planung;Erfurt;50.983025, 11.029143;;Thüringen;Hydrogeothermie;;;;;;;;;;;;;;;;;;;
