Status;Ort/sonstige Bezeichnung;Feldname;Name auf der Karte;Bundesland;Koordinaten;Art der Nutzung;Mwtherm (installierte Leistung geothermisch);MWel;max. Temperatur in °C;Teufe in m (TVD);Förderrate (l/s) (maximal);Jahresproduktion geothermische Wärme GWh/a;Jahresproduktion geothermischer Strom GWh/a;Jahr d. Inbetrieb-nahme;Entwicklung/ Aufsuchungserlaubnis;Output;Anzahl der Bohrungen;Hauptnutzung;Nebennutzung;Reservoir ;Betreiberstruktur;Region;News zu Projekten;Betreiber Name;Zusatzinfos;;;
A_Projekt in Betrieb;Groß-Umstadt;Heubach;Groß-Umstadt–Heubach;Hessen;49.84101897783786, 8.954197353149135;Sonde;0,09;;36,7;773;5;;;2012;;Wärme;Tiefe Erdwärmesonde + 8 flache Erdwärmesonden;Beheizung Produktionshallen, Büros -> Nahwärme;;Kristallin;kommunal;;;;;;;
A_Projekt in Betrieb;;München-Freiham;München-Freiham;Bayern;48.138511875824356, 11.405109198641737;Hydrogeothermie;13;;91,9;2517,8;121;100,1;;2016 ;;Wärme;Dublette;Fernwärme;;Karbonat;kommunal;Molassebecken;;;;;;
A_Projekt in Betrieb;Kaiserslautern;WIPOTEC;Kaiserslautern;Rheinland-Pfalz;49.42149575317556, 7.637398900714602;Sonde;;;52;1450;;;;2015;;Wärme;;;;;privater Investor;;;;Quelle der Daten: https://www.tsb-energie.de/fileadmin/Redakteure/Veranstaltungen/Gebaeudeenergie/2021/Referentenbeitraege/Otto_Reisig.pdf;;;
A_Projekt in Betrieb;Bochum Werne;Zeche Robert Müser;Bochum Werne/Zeche Robert Müser;Nordrhein-Westfalen;51.48659342746747, 7.299821269358382;Grubenwasser;0,4;;20;570;32;1,2;;2012;;Wärme;Grubenwasser;Gebäudeheizung von Feuerwehr und 2 Schulen mit Hilfe von BHKW und WP -> Nahwärme?;;;kommunal;;;;Mark 51°7;;;
A_Projekt in Betrieb;;;Bruchsal;Baden-Württemberg;49.12572989419394, 8.567386584802927;Hydrogeothermie;1,2;0,5;131;2.542;31;2,3;;2009;2019 Nahwärmenetz;Wärme & Strom;Dublette;Strom;Nahwärmenetz;;privater Investor;Oberrheingraben;;;;;;
A_Projekt in Betrieb;;;Pfullendorf;Baden-Württemberg;47.90513081785821, 9.25284896542634;Hydrogeothermie;5,7;;75;1.530;25;;;2020;;Wärme;Dublette;1 Kaserne wird beheizt;;Dolomit;Bund ;Molassebecken;;;;;;
A_Projekt in Betrieb;;;Weinheim;Baden-Württemberg;49.53062084863661, 8.641849987829817;Hydrogeothermie;1,1;;65;1.150;10;5,65;;2005;;Wärme;;Gebäudeheizung für 1 Gebäude, Sole für Therme;;;;Oberrheingraben;;;;;;
A_Projekt in Betrieb;;;Aschheim, Feldkirchen, Kirchheim;Bayern;48.170542327715914, 11.734988698327786;Hydrogeothermie;12,4;;87,1;2.529;84,7;70,098;;2009;;Wärme;Dublette;Fernwärme;;Kalksandstein;kommunal;Molassebecken;;AFK Geothermie GmbH;2. Dublette geplant;;;
A_Projekt in Betrieb;;;Dürrnhaar;Bayern;47.996250100846254, 11.726130891461885;Hydrogeothermie;;5,5;141;3.926;133;;31,3;2012;;Strom;Dublette;Strom;;Kalkstein, dolomit.;kommunal;Molassebecken;;;;;;
A_Projekt in Betrieb;;;Erding;Bayern;48.289792213335524, 11.886350402690871;Hydrogeothermie;10,2;;65;2.218;48;33,074;;1998;2008 Reinjektionsbohrung, 2009 Inbetriebnahme Heizwerk 2;Wärme;Dublette;Fernwärme;Balneologie;;kommunal;Molassebecken;;;;;;
A_Projekt in Betrieb;;;Garching a.d. Alz ;Bayern;48.11868935553278, 12.571571887105844;Hydrogeothermie;7;5,2;125;3.837;125;;24,45;2021;;Wärme & Strom;Dublette;Strom;Fernwärme;;privater Investor;Molassebecken;https://bruck.silenos-energy.com/databases/internet/_public/content30.nsf/web30?Openagent&id=96F6FA72066B984FC12587C70034B4F1;;;;;
A_Projekt in Betrieb;;;Garching bei München;Bayern;48.26126192560934, 11.66291528907552;Hydrogeothermie;9,8;;75;2226,3;100;46,62;;2011;;Wärme;Dublette;Fernwärme;;Kalkstein;kommunal;Molassebecken;;;;;;
A_Projekt in Betrieb;;;Holzkirchen;Bayern;47.88189030335666, 11.719357321494547;Hydrogeothermie;5;3,6;157;5.078;65;12,253;21,624;2019;2019 ORC-Anlage liefert Strom -> Heizkraftwerk;Wärme & Strom;Dublette;Fernwärme;Strom;Kalkstein, dolomit.;kommunal;Molassebecken;;;;;;
A_Projekt in Betrieb;;;Ismaning;Bayern;48.22970537486774, 11.697420933442515;Hydrogeothermie;7,2;;78;1.906;85;46,8;;2013;;Wärme;Dublette;Fernwärme;;;kommunal;Molassebecken;;;;;;
A_Projekt in Betrieb;;;Kirchstockach;Bayern;48.02701510509703, 11.687849845382795;Hydrogeothermie;10;5,5;125;3881,6;140,5;13,4;24,5;2013;2021 durch Wärmeauskopplung -> Heizkraftwerk;Wärme & Strom;Dublette;Strom;Fernwärme;Kalkstein, dolomit.;kommunal;Molassebecken;;;;;;
A_Projekt in Betrieb;;;Kirchweidach;Bayern;48.09957536362663, 12.645622608546594;Hydrogeothermie;30,6;4,4;128;3.421;80;95;;2013;2021 geplante Erweiterung der Stromproduktion durch ORC-Anlage, zurzeit unklar, ob es die Erweiterung stattgefunden hat, Bohrungen gestartet (Jan 2023);Wärme & Strom;Dublette;Fernwärme;Gewächshaus;;kommunal;Molassebecken;;;;;;
A_Projekt in Betrieb;;;München-Riem;Bayern;48.134697803069514, 11.716111846935974;Hydrogeothermie;13;;98,4;2.747;87;60,76;;2004;;Wärme;Dublette;Fernwärme;;;kommunal;Molassebecken;;;;;;
A_Projekt in Betrieb;Heizkraftwerk Süd/Schäftlarnstraße;;München-Sendling;Bayern;48.116300282237844, 11.557664351044714;Hydrogeothermie;50;;107;2809,18;115;375,46;;2021;;Wärme;7 Bohrungen;Fernwärme;;;;Molassebecken;;;;;;
A_Projekt in Betrieb;;;Oberhaching-Laufzorn/Grünwald;Bayern;48.01998864023229, 11.562880508759404;Hydrogeothermie;40;4,3;135;3755,2;132;61,619;13,345;2011;2014 ORC-Anlage liefert Strom -> Heizkraftwerk;Wärme & Strom;Dublette;Fernwärme;Strom;Kalkstein, dolomit.;kommunal;Molassebecken;;;;;;
A_Projekt in Betrieb;;;Poing;Bayern;48.16723139267549, 11.791471691465471;Hydrogeothermie;11,5;;85;3.014;100;50,9;;2012;;Wärme;Dublette;Fernwärme;;;kommunal;Molassebecken;;;;;;
A_Projekt in Betrieb;;;Pullach;Bayern;48.067708753419325, 11.525744806831463;Hydrogeothermie;16;;108;3.443;87;59,274;;2005;2011 weitere Bohrung zur bestehenden Dublette hinzugefügt  ;Wärme;Triplette;Fernwärme;;Kalke und Dolomite;kommunal;Molassebecken;;;;;;
A_Projekt in Betrieb;;;Sauerlach;Bayern;47.97278162324089, 11.668797058077113;Hydrogeothermie;4;5;141;4.480;120;9,9;25,6;2013;;Wärme & Strom;Triplette;Strom;Fernwärme;;kommunal;Molassebecken;;;;;;
A_Projekt in Betrieb;;;Simbach-Braunau;Bayern;48.257066211392576, 13.010321196103183;Hydrogeothermie;9,4;;81,7;1.942;90;50,732;;2000;;Wärme;Dublette;Fernwärme;;;kommunal;Molassebecken;;;GER + AUT Gemeinschaftsprojekt;;;
A_Projekt in Betrieb;;;Straubing;Bayern;48.875263721244984, 12.555202373991184;Hydrogeothermie;2,1;;36,5;824,8;31,4;2,9;;1999;;Wärme;Dublette;2 Nahwärmenetze;Balneologie;Kalkstein, dolomit.;kommunal;Molassebecken;GeotIS fragt es nicht mehr ab, da sie nicht antworten;;;;;
A_Projekt in Betrieb;;;Taufkirchen/Oberhaching;Bayern;48.02347753735028, 11.620680194130214;Hydrogeothermie;40;0;136;3.696;120;63;;2015;;Wärme;Dublette;Strom: Die Kalina Anlage (errichtet 2018) wurde abgebaut, 2024 soll die neue ORC-Anlage in Betrieb gehen. Deshalb zur Zeit 0;Fernwärme;;kommunal;Molassebecken;;;;;;
A_Projekt in Betrieb;;;Traunreut;Bayern;47.973032611148284, 12.579492009460596;Hydrogeothermie;13,5;5,5;120;4645,8;168,2;35,408;30,142;2014;2016 Fertigstellung einer ORC-Anlage -> Heizkraftwerk;Wärme & Strom;Dublette;Fernwärme;Strom;;kommunal;Molassebecken;;;;;;
A_Projekt in Betrieb;;;Unterföhring;Bayern;48.1933864433896, 11.65806130750904;Hydrogeothermie;10;;87;2.124;75;31;;2009;;Wärme;Dublette;Fernwärme;;;privater Investor;Molassebecken;;;;;;
A_Projekt in Betrieb;;;Unterföhring II;Bayern;48.19419030042086, 11.65830471015045;Hydrogeothermie;11,3;;93;2.341;90;45;;2014;2. Dublette von Unterföhring;Wärme;Dublette;Fernwärme;;;privater Investor;Molassebecken;;;;;;
A_Projekt in Betrieb;;;Unterhaching;Bayern;48.05707719867894, 11.597498830573379;Hydrogeothermie;38;;126;3.390;140;170,04;;2007;2009-2017 Stromproduktion durch Kalina-Anlage;Wärme;Dublette;Fernwärme;;;kommunal;Molassebecken;;;;;;
A_Projekt in Betrieb;;;Unterschleißheim;Bayern;48.27229792099072, 11.580536621795996;Hydrogeothermie;7;;80;1.960;100;35,239;;2003;;Wärme;Dublette;Fernwärme;Balneologie;Kalkstein;privater Investor;Molassebecken;;;;;;
A_Projekt in Betrieb;;;Waldkraiburg;Bayern;48.20130287457706, 12.420294318053308;Hydrogeothermie;14;;111,5;2.718;80;40,209;;2012;;Wärme;Dublette;Fernwärme;;;kommunal;Molassebecken;;;;;;
A_Projekt in Betrieb;Berlin;;Berlin (Reichstag);Berlin;52.5186333,13.3748185;Aquiferspeicher;;;70;300;27,8;;;1999;;Wärme;;;;;;;;;;;;
A_Projekt in Betrieb;;;Neuruppin;Brandenburg;52.92971670587752, 12.830142096367828;Hydrogeothermie;1,4;;63,4;1.702;3,9;1,1929;;2007;;Wärme;Dublette;Gebäudeheizung (Hotelkomplex und Bad);Balneologie;Feinsandstein;kommunal;Nord.Becken;;;;;;
A_Projekt in Betrieb;;;Neubrandenburg;Mecklenburg-Vorpommern;53.549095553624845, 13.235606820955386;Hydrogeothermie / Aquiferspeicher;;;80;1.268;28;;;1987;2004 Fertigstellung Aquiferspeicher;Wärme;Dublette;Speicher;;O.Keuper (Rhaet);kommunal;Nord.Becken;https://www.neu-sw.de/pressemeldungen/waerme-aus-der-erde-neu-sw-baut-aquiferspeicher-zu-tiefengeothermie-anlage-um;;;;;
A_Projekt in Betrieb;;;Neustadt Glewe;Mecklenburg-Vorpommern;53.370086444791845, 11.58624277017484;Hydrogeothermie;4;;99;2.450;35;13,1;;1994;bis 2012 Stromerzeugung mit ORC-Anlage;Wärme;Dublette;Fernwärme;;O.Keuper (Rhaet);kommunal;Nord.Becken;;;;;;
A_Projekt in Betrieb;;;Schwerin;Mecklenburg-Vorpommern;53.61160506954665, 11.378065334267013;Hydrogeothermie;5,7;;56;1.311;41,6;;;2023;;Wärme;Dublette;Fernwärme;;Oberkeuper (Rhät);kommunal;Nord.Becken;https://www.stadtwerke-schwerin.de/home/ueber_uns/geothermie/Geothermie-in-Schwerin-Lankow-Ablauf-und-Ergebnisse,swsr_id,786,swsr_inhalt_id,2450.html;Stadtwerke Schwerin;Erhöhung der Temperatur mit Großwärmepumpen;;;
A_Projekt in Betrieb;;;Waren;Mecklenburg-Vorpommern;53.50846808868685, 12.706866064335136;Hydrogeothermie;1,3;;63;1.565;17;1,34;;1984;Seit 2012 auch Balneologie;Wärme;Dublette;Fernwärme;Balneologie;Sandstein;kommunal;Nord.Becken;;;;;;
A_Projekt in Betrieb;;;Arnsberg;Nordrhein-Westfalen;51.431306202705876, 8.003896188222733;Sonde;0,35;;90;2.835;20;2,1;;2012;;Wärme;Tiefe Erdwärmesonde;"Gebäudeheizung vom Freibad ""Nass""";;Sandstein;kommunal;;;;;;;
A_Projekt in Betrieb;;;Essen;Nordrhein-Westfalen;51.461315, 7.016736;Grubenwasser;0,8;;35;1200;bis 300;;;2010;;Wärme;;-;;;;;https://link.springer.com/article/10.1007/s00767-020-00460-0;;Essen 51, Schacht Marie;;;
A_Projekt in Betrieb;;;Marl;Nordrhein-Westfalen;51.665782, 7.131589;Sonde;0,06;;21;700;;;;2010;;Wärme;;-;;;;;https://norddeutsche-geothermietagung.de/vortraege/2022/11_lohmar_potenzial_geothermische_nachnutzung_sigmundshall.pdf;;"Zeche Auguste
Victoria";;;
A_Projekt in Betrieb;;;Insheim;Rheinland-Pfalz;49.15363259926349, 8.153275626628721;Hydrogeothermie;;4,8;165;3.600;80;;21;2012;;Strom;Dublette;Strom;;;privater Investor;Oberrheingraben;;;für spätere Auflagen: 2023 Anfang Ausbau Fernwärmenetz geplant;;;
A_Projekt in Betrieb;;;Landau ;Rheinland-Pfalz;49.18380273312805, 8.121074550156372;Hydrogeothermie;5;1,8;159;3.291;70;0,898;7,72;2007;;Wärme & Strom;Dublette;Strom;Fernwärme;;privater Investor;Oberrheingraben;;;;;;
B_Projekt in Bau;Aachen;"""Weisweiler""";Aachen-Weisweiler;Nordrhein-Westfalen;50.82706913379027, 6.297889113612327;Sonde;;;150;5000;;;;;27.02.2020 - 26.02.2025;;;;;;;;;RWE Power Aktiengesellschaft in Köln und Essen, Forschung durch Fraunhofer IEG;;;;
B_Projekt in Bau;Polling;GT Tüßling;Tüßling;Bayern;48.21203974640237, 12.60113695637902;Hydrogeothermie;;;;;;;;;;;;;;;;;;;;;;
B_Projekt in Bau;MTU;Karlsfeld Ost;München Allach ;Bayern;48.21324297540055, 11.480947708966209;Hydrogeothermie;;;;;;;;;;;;;;;;Molassebecken;https://www.mtu.de/de/ueber-uns/corporate-responsibility/produktion-instandsetzung/geothermie/;;;;;
B_Projekt in Bau;Kirchweidach ;Kirchweidach II ;Kirchweidach II ;Bayern;48.084932918448494, 12.645248863893956;Hydrogeothermie;;;;;;;;;;;;;;;;Molassebecken;https://kirchweidach.de/kirchweidach/startseite/aktuelles/bohrstart-am-geothermieprojekt-kirchweidach-ii.html;;;;;
B_Projekt in Bau;Laufzorn;Laufzorn II;Laufzorn II;Bayern;48.01460519793755, 11.553430596269715;Hydrogeothermie;;;;;;;;;;;;;;;;;https://www.geothermie.de/aktuelles/nachrichten/news-anzeigen/erdwaerme-gruenwald-erhaelt-61-millionen-euro-bundesfoerderung-fuer-neue-geothermie-bohrung?tx_news_pi1%5BactbackPid%5D=137&cHash=45cea28bc5612327cf7aba755f33c620;;;;;
B_Projekt in Bau;Neuperlach, Michaelibad;Neuperlach;Neuperlach (Michaelibad);Bayern;48.11672914961414, 11.636773335568694;Hydrogeothermie;;;;;;;;;;;;;;;;;;;;;;
B_Projekt in Bau;Krefeld;Salvea - Lust auf grüne Energie;Krefeld;Nordrhein-Westfalen;51.34139015556271, 6.536367033083359;Forschung;;;;;;;;;;;;;;;;;https://www.krefeld.de/de/inhalt/geologischer-dienst-plant-forschungsbohrung-in-krefeld/;;;;;
B_Projekt in Bau;;;Graben-Neudorf;Baden-Württemberg;49.16376, 8.49329;Hydrogeothermie;;;;;;;;2024;;;;;;53 Grad Celsius;privater Investor;Oberrheingraben;https://www.deutsche-erdwaerme.de/graben-neudorf/;Vulcan Energy/Geohardt;;;;
B_Projekt in Bau;;;Geretsried;Bayern;47.8710290510463, 11.434471292527942;Geschlossenes tiefengeothermisches System;64;8,2;155,3;4.736;;;;;;;;;Dolomit;;privater Investor;Molassebecken;;;Eavor-Loop;;;
B_Projekt in Bau;Berlin;;Reallabor Geospeicher Berlin;Berlin;52.425768,13.526191;Aquiferspeicher;;;ca. 90 ;360 - 390;;;;;;;;;;;;;;;;;;
B_Projekt in Bau;;;Neuruppin;Brandenburg;52.95453749288014, 12.825719474771933;Hydrogeothermie;;;;;;;;;;;;;;;;;https://www.geothermie.de/aktuelles/nachrichten/news-anzeigen/bohrung-in-neuruppin-erreicht-500-meter-marke?tx_news_pi1%5BactbackPid%5D=137&cHash=45cea28bc5612327cf7aba755f33c620;;;;;
B_Projekt in Bau;;;Potsdam;Brandenburg;52.384704, 13.076484 ;Hydrogeothermie;;;;;;;;;;;;;;;;Nord.Becken;;;;;;
B_Projekt in Bau;;;Hamburg-Wilhelmsburg;Hamburg;53.49980094145574, 10.018523508436584;Hydrogeothermie;;;;;;;;;;;;;;;;Nord.Becken;;;;;;
B_Projekt in Bau;;;Darmstadt;Hessen;49.87154589534785, 8.648628854564983;"Erdwärmesondenspeicher
/ Forschung";;;;;;;;;;;;;;;;;Projektinfo: https://www.geo.tu-darmstadt.de/geothermie/forschungsprojekte_ag/laufende_projekte_ag/skews.de.jsp;;;;;
B_Projekt in Bau;;;Frankfurt am Main;Hessen;50.10978686925627, 8.67630782564379;Forschung;;;;;;;;;;;;;;;;;letzte News: https://frankfurt.de/de-de/aktuelle-meldung/energiereferat/geothermie-forschungsbohrung-rebstock/;;;;;
B_Projekt in Bau;Bochum,  Mark 51°7;;Bochum (Stadtwerke);Nordrhein-Westfalen;51.468190, 7.269939;Grubenwasser;;;;;;;;;27.08.2022 bis 26.08.2027;;;;;;;;;Stadtwerke Bochum Holding GmbH;;;;
C_Forschungsprojekte;;Seismik Giga-M;Seismik Giga-M;Bayern;48.123769490231034, 11.570897778594139;Forschung;;;;;;;;;;;;;;;;;;;;;;
C_Forschungsprojekte ;Bad Urach;;Bad Urach;Baden-Württemberg;48.50699119661484, 9.373306303211436;Petrothermale Geothermie;;;;;;;;;;;;;;;;;;;;;;
C_Forschungsprojekte ;;;Mauerstetten;Bayern;47.88280454097704, 10.654513269806042;Forschung;;;130;4.080;;;;;;;;;;;;Molassebecken;;;;;;
C_Forschungsprojekte ;;;Groß Schönebeck;Brandenburg;52.90381696285989, 13.601612176917618;Forschung;;1;150;4.309;;;;2011 ;;;2;;;;;Nord.Becken;;;;;;
C_Forschungsprojekte ;;;Hannover;Niedersachsen;52.40538249243043, 9.826339230222407;Forschung;2;;169;3.820;;;;;;;;;;;;Nord.Becken;;;;;;
C_Forschungsprojekte ;;;Horstberg;Niedersachsen;52.90333311324816, 10.328054251558454;Forschung;;;159;3.920;;;;;;;;;;;;Nord.Becken;;;;;;
C_Forschungsprojekte ;;;Alsdorf;Nordrhein-Westfalen;50.871812, 6.162400;Forschung;;;26;900;;;;2018;;;;;;;;Nord.Becken;;;;;;
C_Forschungsprojekte ;;;Zwickau;Sachsen;50.716949, 12.496606;Grubenwasser;;;26;628;;;;2018;;Wärme;;;;;;;https://www.saechsische.de/nachhaltigkeit/sachsen-waerme-reservoir-themalwasser-vogtland-waerme-aus-grosser-tiefe-kommunen-suchen-klimaschonende-loesung-5894696.html;;;;;
D_Projekt in Planung;Bad Dürkheim;" ""Flaggenturm""";"Bad Dürkheim ""Flaggenturm""";Rheinland-Pfalz;49.45981824086134, 8.16721654909178;Hydrogeothermie;;;;;;;;;;;;;;;;;;Vulcan Energie Ressourcen GmbH;;;;
D_Projekt in Planung;Haßloch;" ""Taro""";"Haßloch ""Taro""";Rheinland-Pfalz;49.351968319295814, 8.265765833813434;Hydrogeothermie;;;;;;;;;;;;;;;;;;Vulcan Energie Ressourcen GmbH;;;;
D_Projekt in Planung;Aachen;"""Aachen-Weisweiler""";Aachen-Weisweiler;Nordrhein-Westfalen;50.828488845357484, 6.324635686424948;Forschung;;;;;;;;;25.08.2020-24.08.2025;;;;;;;;;;;;;
D_Projekt in Planung;Ahnsbeck;"""Ahnsbeck""";Ahnsbeck;Niedersachsen;52.61074585425046, 10.28406165249926;Hydrogeothermie;;;;;;;;;;;;;;;;;;Baker Hughes INTEQ GmbH;;;;
D_Projekt in Planung;Celle;"""Altencelle""";Celle;Niedersachsen;52.595044971923706, 10.113514579163345;Hydrogeothermie;;;;;;;;;;;;;;;;;https://www.lbeg.niedersachsen.de/aktuelles/pressemitteilungen/landkreis-celle-baker-hughes-inteq-gmbh-bekommt-feld-altencelle-zugeteilt-lbeg-erteilt-erlaubnis-zur-aufsuchung-von-erdwarme-221713.html;Baker Hughes INTEQ GmbH;;;;
D_Projekt in Planung;Altwarmbüchen;"""Altwarmbüchener Moor""";Altwarmbüchen;Niedersachsen;52.42738273502441, 9.893252782854162;Hydrogeothermie;;;;;;;;; 15.11.2022 bis 14.11.2025;;;;;;;Nord.Becken;;NDEWG GmbH Fiskediek 7a 49809 Lingen (Ems);;;;
D_Projekt in Planung;Bad Fallingbostel;"""Bad Fallingbostel""";Bad Fallingbostel;Niedersachsen;52.863515866374144, 9.695822969070726;Hydrogeothermie;;;;;;;;;;;;;;;;;;Mondelez Deutschland Snacks Production GmbH & Co. KG;;;;
D_Projekt in Planung;Barnstorf;"""Barnstorf""";Barnstorf;Niedersachsen;52.7050274067317, 8.504699625922768;Hydrogeothermie;;;;;;;;;;;;;;;;;;Wintershall Dea Deutschland GmbH;;;;
D_Projekt in Planung;Bad Bentheim;"""Bentheimer Wald""";Bentheimer Wald;Niedersachsen;52.31746797270104, 7.18581568894619;Hydrogeothermie;;;;;;;;;14.06.2027.;;;;;;;;;"	NDEWG GmbH";;;;
D_Projekt in Planung;Wörth;"""Bertha""";"Wörth ""Bertha""";Rheinland-Pfalz;49.05032719932745, 8.261449586874713;Hydrogeothermie;;;;;;;;;;;;;;;;;https://mbpassion.de/2023/10/daimler-truck-will-in-woerth-ueber-geothermie-waerme-gewinnen/;Daimler Truck AG;;;;
D_Projekt in Planung;Kandel ;"""Bienwald""";"Kandel ""Bienwald""";Rheinland-Pfalz;49.07772350346744, 8.210586214781236;Hydrogeothermie;;;;;;;;;;;;;;;;;;Deutsche ErdWärme GmbH;;;;
D_Projekt in Planung;Bissendorf;"""Bissendorf""";Bissendorf;Niedersachsen;52.49530012213466, 9.674800512868208;Hydrogeothermie;;;;;;;;;;;;;;;;;;Eavor GmbH;;;;
D_Projekt in Planung;Borkum;"""Borkum I""";Borkum;Niedersachsen;53.58177902984293, 6.663389159218392;Hydrogeothermie;;;;;;;;;;;;;;;;;;Nordseeheilbad Borkum GmbH;;;;
D_Projekt in Planung;Braunschweig;"""Braunschweig V""";Braunschweig ;Niedersachsen;52.267331549145354, 10.523076226129794;Hydrogeothermie;;;;;;;;;;;;;;;;;;BS/ENERGY Braunschweiger Versorgungs- Aktiengesellschaft & Co. KG;;;;
D_Projekt in Planung;Hannover;"""Buchholz""";"Hannover ""Buchholz"" ";Niedersachsen;52.405053, 9.828652;Geschlossenes tiefengeothermisches System;;;;;;;;;;;;;;;;;;Eavor GmbH;;;;
D_Projekt in Planung;Burgwedel;"""Burgwedel""";Burgwedel;Niedersachsen;52.50074386912639, 9.897148634542758;Hydrogeothermie;;;;;;;;;;;;;;;;;;NDEWG GmbH;;;;
D_Projekt in Planung;Hagenbach ;"""Catharina Werde""";"Hagenbach ""Catharina Werde""";Rheinland-Pfalz;49.019931910804154, 8.251203009341912;Hydrogeothermie;;;;;;;;;;;;;;;;;;Neue Energie Wörth GmbH;;;;
D_Projekt in Planung;Duisburg;"""Duisburg""";Duisburg;Nordrhein-Westfalen;51.43712636153094, 6.768430344532964;Hydrogeothermie;;;;;;;;;06.08.2022 bis 05.08.2025;;;;;;;;;Stadtwerke Duisburg Aktiengesellschaft;;;;
D_Projekt in Planung;Düsseldorf;"""Düsseldorf""";Düsseldorf;Nordrhein-Westfalen;51.237132, 6.782666;Hydrogeothermie;;;;;;;;;02.07.2022 bis 01.07.2025;;;;;;;;https://www.duesseldorf.de/umweltamt/umwelt-und-verbraucherthemen-von-a-z/tiefengeothermie.html;Stadtwerke Düsseldorf AG;;;;
D_Projekt in Planung;Eich-Hamm;"""Eich-Hamm""";Eich-Hamm;Rheinland-Pfalz;49.74262266789378, 8.415054268737949;Hydrogeothermie;;;;;;;;;;;;;;;;;;Zukunft Geowärme GmbH;;;;
D_Projekt in Planung;Neukirchen-Vluyn;"""ENNI Geothermie""";"Neukirchen-Vluyn ""ENNI Geothermie""";Nordrhein-Westfalen;51.443674, 6.548829;Hydrogeothermie;;;;;;;;;;;;;;;;;;;;;;
D_Projekt in Planung;Oberhausen;"""evo GeoTherm""";"Oberhausen ""evo Geotherm""";Nordrhein-Westfalen;51.504352, 6.855186;Hydrogeothermie;;;;;;;;;;;;;;;;;;;;;;
D_Projekt in Planung;Garbsen;"""Garbsen""";Garbsen;Niedersachsen;52.42702492320163, 9.598757900805719;Hydrogeothermie;;;;;;;;;;;;;;;;;;Wärmeversorgung Garbsen GmbH;;;;
D_Projekt in Planung;Gelderland;"""Gelderland-Süd""";Gelderland-Süd;Nordrhein-Westfalen;51.435852, 6.269659;Hydrogeothermie;;;;;;;;;;;;;;;;;;;;;;
D_Projekt in Planung;Aachen;"""GEObservatorium Aachen""";Aachen ;Nordrhein-Westfalen;50.766245, 6.179830;Forschung;;;;;;;;;18.07.2022 bis 17.07.2027;;;;;;;;;"GEObservatorium Aachen, RWTH AACHEN UNIVERSITY	";;;;
D_Projekt in Planung;Aachen;"""Geothermie-Aachen""";"""Geothermie-Aachen""";Nordrhein-Westfalen;50.7771, 6.0851;Hydrogeothermie;;;;;;;;;21.04.2023-20.04.2028;;;;;;;;;;;;;
D_Projekt in Planung;Göttingen ;"""Göttingen I""";Göttingen ;Niedersachsen;51.55281238856508, 9.987586968799993;Forschung;;;;;;;;;;;;;;;;;;"	Stadtwerke Göttingen AG";;;;
D_Projekt in Planung;Harthausen;"""Grumbeere""";"Harthausen ""Grumbeere""";Rheinland-Pfalz;49.27457481089342, 8.396897251256947;Hydrogeothermie;;;;;;;;;;;;;;;;;;Eavor GmbH;;;;
D_Projekt in Planung;Münster;"""Grüne-Wärme-Münster""";Münster;Nordrhein-Westfalen;51.958718, 7.626996;Hydrogeothermie;;;;;;;;2030;;;;;;;;;;;;;;
D_Projekt in Planung;Taching am See;"""GT Törring II"" ";Taching am See;Bayern;47.93596493834527, 12.870245335646182;Hydrogeothermie;;;;;;;;;30.04.2028;;;;;;;;;Geoenergie Bayern Projekt Törring GmbH & Co. KG;;;;
D_Projekt in Planung;Weilheim ;"""Hardtwiese""";"Weilheim ""Hardtwiese""";Bayern;47.86731651868918, 11.197270018268414;Hydrogeothermie;;;;;;;;;30.09.2026;;;;;;;;Eavor GmbH;;;;;
D_Projekt in Planung;Weyhe;"""Hemelingen""";Weyhe;Niedersachsen;52.9835928966011, 8.850545500093414;Hydrogeothermie;;;;;;;;;;;;;;;;;;Gemeinde Weyhe;;;;
D_Projekt in Planung;Hemmingen-Gehrden;"""Hemmingen-Gehrden""";Hemmingen-Gehrden;Niedersachsen;52.30445820247897, 9.627616524963441;Hydrogeothermie;;;;;;;;;;;;;;;;;;Deutz Erdgas GmbH & Co KG;;;;
D_Projekt in Planung;Horstberg;"""Horstberg (neu)""";"""Horstberg (neu)""";Niedersachsen;52.92726525447614, 10.31869745992935;Hydrogeothermie;;;;;;;;;;;;;;;;;;Bundesanstalt für Geowissenschaften und Rohstoffe;;;;
D_Projekt in Planung;Husum;"""Husum""";Husum;Schleswig-Holstein;54.485220, 9.056564;Hydrogeothermie;;;;;;;;;;;;;;;;;;Stadtwerke Husum GmbH;;;;
D_Projekt in Planung;Bad Bevensen ;"""Ilmenau I""";"Bad Bevensen ""Ilmenau I""";Niedersachsen;53.072732, 10.581926;Hydrogeothermie;;;;;;;;;;;;;;;;;;Stadt Bad Bevensen;;;;
D_Projekt in Planung;Ingelheim;"""Ingelheim""";Ingelheim;Rheinland-Pfalz;49.977761256394565, 8.052848794431371;Hydrogeothermie;;;;;;;;;;;;;;;;;;EVI Energieversorgungsgesellschaft Ingelheim mbH;;;;
D_Projekt in Planung;Einhausen;"""Jägersburg""";"Einhausen ""Jägersburg""";Hessen;49.67228189268898, 8.547702641322267;Hydrogeothermie;;;;;;;;;;;;;;;;Bei Biblis;https://rim.ekom21.de/lampertheim/sdnetrim/UGhVM0hpd2NXNFdFcExjZXszAKY_3xXBc9_taFXxMWeA5QJXA9haPZ1atK8RWJLv/Anlage2_Karte_zum_Ausschluss_von_Gebieten_mit_potenziellen_Nutzungskonflikten_fuer_das_Bohren.pdf;Eavor;;;;
D_Projekt in Planung;Wolgast;"""Jarovit""";Wolgast „Jarovit“ ;Mecklenburg-Vorpommern;54.05274766182214, 13.739785525325175;Hydrogeothermie;;;;;;;;;;;;;;;;;;;;;;
D_Projekt in Planung;Hagen;"""Kabel Zero""";Hagen;Nordrhein-Westfalen;51.413490, 7.474543;Hydrogeothermie;;;130-160;3200-4100;;;;;"23.03.2019 bis 22.03.2024	";;;;;;;;https://www.kabelpaper.de/kabel-zero/aktuelles/;Kabel Premium Pulp & Paper GmbH;;;;
D_Projekt in Planung;Bornheim;"""Kaltenbach""";"Bornheim ""Kaltenbach""";Rheinland-Pfalz;49.2176432640233, 8.170346039287459;Hydrogeothermie;;;;;;;;;;;;;;;;;;Deutsche ErdWärme GmbH;;;;
D_Projekt in Planung;Kaiserslautern;"""Kasimir""";"Kaiserslautern ""Kasimir"" ";Rheinland-Pfalz;49.46904151573768, 7.836526094701407;Hydrogeothermie;;;;;;;;;;;;;;;;;;SWK Stadtwerke Kaiserslautern Versorgungs-AG;;;;
D_Projekt in Planung;Kempen;"""Kempener Westen""";Kempen;Nordrhein-Westfalen;51.383222, 6.417565;Hydrogeothermie;;;;;;;;;;;;;;;;;;;;;;
D_Projekt in Planung;Maikammer;"""Kerner""";"Maikammer ""Kerner""";Rheinland-Pfalz;49.349464091776255, 8.143283953759203;Hydrogeothermie;;;;;;;;;;;;;;;;;;Vulcan Energie Ressourcen GmbH;;;;
D_Projekt in Planung;Kiel;"""Kiel und Umgebung""";Kiel und Umgebung;Schleswig-Holstein;54.32248266564758, 10.127725454194394;Hydrogeothermie;;;;;;;;;;;;;;;;;;Innargi Germany Project I GmbH;;;;
D_Projekt in Planung;Langenhagen;"""Kleefeld I""";"Langenhagen ""Kleefeld I""";Niedersachsen;52.40693785441795, 9.755866001933198;Hydrogeothermie;;;;;;;;;30.11.2024;;;;;;;Nord.Becken;;Eavor GmbH;;;;
D_Projekt in Planung;Aachen;"""Kreuz Aachen""";"Aachen  ""Kreuz Aachen""";Nordrhein-Westfalen;50.804479, 6.170460;Hydrogeothermie;;;;;;;;;23.06.2022 bis 22.06.2025;;;;;;;;;Stadtwerke Aachen Aktiengesellschaft in Aachen;;;;
D_Projekt in Planung;Kronsberg;"""Kronsberg""";Kronsberg;Niedersachsen;52.334263224509925, 9.848257023391437;Hydrogeothermie;;;;;;;;;;;;;;;;;;"	Avacon Natur GmbH";;;;
D_Projekt in Planung;Graben;"""Lechfeld""";"Graben ""Lechfeld""";Bayern;48.18840515534486, 10.822471566518908;Hydrogeothermie;;;;;;;;;30.11.2028;;;;;;;;;" EWL Erdwärme Lechfeld GmbH; ONE0 GmbH & Co. KG";;;;
D_Projekt in Planung;Lingen;"""Lingen II""";Lingen;Niedersachsen;52.52272023150037, 7.325350451168644;Hydrogeothermie;;;;;;;;;;;;;;;;;;NDEWG GmbH;;;;
D_Projekt in Planung;Germersheim;"""Lingenfeld""";"Germersheim ""Lingenfeld""";Rheinland-Pfalz;49.24500495939631, 8.344264851846878;Hydrogeothermie;;;;;;;;;;;;;;;;;;Deutsche Erdwärme Projekt I GmbH & Co. KG;;;;
D_Projekt in Planung;Siebeldingen;"""Löwenherz""";"Siebeldingen ""Löwenherz""";Rheinland-Pfalz;49.17889321143759, 8.031623329032591;Hydrogeothermie;;;;;;;;;;;;;;;;;;Vulcan Energie Ressourcen GmbH;;;;
D_Projekt in Planung;Ludwigshafen I ;"""Ludwig""";"Ludwigshafen 1""Ludwig""";Rheinland-Pfalz;49.48604491065088, 8.435699257741696;Hydrogeothermie;;;;;;;;;;;;;;;;;;Vulcan Energie Ressourcen GmbH;;;;
D_Projekt in Planung;Lüneburg;"""Lüneburg I""";Lüneburg ;Niedersachsen;53.24731862028142, 10.416274214800374;Hydrogeothermie;;;;;;;;;;;;;;;;;;Avacon Natur GmbH;;;;
D_Projekt in Planung;Kaiserslautern;"""Lutrina""";"Kaiserslautern ""Lutrina"" ";Rheinland-Pfalz;49.41537759355145, 7.577750890676072;Hydrogeothermie;;;;;;;;;;;;;;;Stadt;;;SWK Stadtwerke Kaiserslautern Versorgungs-AG;;;;
D_Projekt in Planung;Mainz;"""Mainz""";Mainz;Rheinland-Pfalz;49.992734509276595, 8.251454563423273;Hydrogeothermie;;;;;;;;;;;;;;;;;;EVI Energieversorgungsgesellschaft Ingelheim mbH;;;;
D_Projekt in Planung;Herdorf;"""Margarete""";"Herdorf ""Margarete""";Rheinland-Pfalz;50.777931269409656, 7.947355948641481;Grubenwasser;;;;;;;;;;;;;;;;;;Stadt Herdorf;;;;
D_Projekt in Planung;Mülheim an der Ruhr;"""medl-Geotherm""";Mühlheim an der Ruhr;Nordrhein-Westfalen;51.444271, 6.863902;Hydrogeothermie;;;;;;;;;;;;;;;;;;;;;;
D_Projekt in Planung;Oldenburg;"""Mühlenhofsweg""";Oldenburg;Niedersachsen;53.168570, 8.233994;Hydrogeothermie;;;;;;;;;;;;;;;;;;Stadt Oldenburg;;;;
D_Projekt in Planung;Munster-Bispingen;"""Munster (Erdwärme)""";Munster-Bispingen;Niedersachsen;52.98640066846064, 10.089694660701054;Hydrogeothermie;;;;5.000;;;;2025;;;;;;;;Nord.Becken;;Stadtwerke Munster-Bispingen GmbH;;;;
D_Projekt in Planung;Neumünster;"""Neumünster I""";Neumünster;Schleswig-Holstein;54.072649, 9.984286;Hydrogeothermie;;;;;;;;;;;;;;;;;;"	SWN Stadtwerke Neumünster GmbH";;;;
D_Projekt in Planung;Norderstedt;"""Norderstedt""";Norderstedt;Schleswig-Holstein;53.699152, 10.000913;Hydrogeothermie;;;;;;;;;;;;;;;;;;Stadtwerke Norderstedt GmbH;;;;
D_Projekt in Planung;Goslar;"""Nordharz""";Nordharz;Niedersachsen;51.906197, 10.513350;Hydrogeothermie;;;;;;;;;;;;;;;;;;"	BohrKonzept Drilling & Service GmbH";;;;
D_Projekt in Planung;Nordhorn;"""Nordhorn""";Nordhorn;Niedersachsen;52.42547546395112, 7.237632044882254;Hydrogeothermie;;;;;;;;;;;;;;;;;;NDEWG GmbH;;;;
D_Projekt in Planung;Rheinberg;"""Rheinberg Geothermie""";Rheinberg;Nordrhein-Westfalen;51.546206, 6.603099;Hydrogeothermie;;;;;;;;;;;;;;;;;;;;;;
D_Projekt in Planung;Köln;"""RheinEnergie Erdwärme""";Köln;Nordrhein-Westfalen;50.939052, 6.961632;Hydrogeothermie;;;;;;;;;;;;;;;;;;;;;;
D_Projekt in Planung;Schifferstadt ;"""Rhein-Pfalz""";"Schifferstadt ""Rhein-Pfalz""";Rheinland-Pfalz;49.382200214589126, 8.374346189346241;Hydrogeothermie;;;;;;;;;;;;;;;;;;Stadtwerke Schifferstadt / Stadtwerke Speyer GmbH;;;;
D_Projekt in Planung;Steinfeld;"""Rift""";"Steinfeld ""Rift""";Rheinland-Pfalz;49.09783528692474, 8.112103680020146;Hydrogeothermie;;;;;;;;;;;;;;;;;;Geo Exploration Technologies GmbH / Vulcan Energie Ressourcen GmbH;;;;
D_Projekt in Planung;Rupertiwinkel ;"""Ruperti II""";"Rupertiwinkel ""Ruperti II""";Bayern;47.912024472171346, 12.878585600773969;Hydrogeothermie;;;;;;;;;31.07.2027;;;;;;;;;"Geothermie Rupertiwinkel GmbH, München; Salzburg AG, A - Salzburg";;;;
D_Projekt in Planung;Soltau;"""Soltau""";Soltau;Niedersachsen;52.98257382299324, 9.842887028159513;Hydrogeothermie;;;;;;;;;30.11.2024;;;;;;kommunal;Nord.Becken;;"Stadtwerke Soltau GmbH & Co. KG
Weinberg 46
29614 Soltau";;;;
D_Projekt in Planung;Rülzheim ;"""Storchenaue""";"Rülzheim ""Storchenaue""";Rheinland-Pfalz;49.20860956135903, 8.229263478450259;Hyrogeothermie;;;;;;;;;;;;;;;;;;Deutsche ErdWärme GmbH;;;;
D_Projekt in Planung;Ludwigshafen II ;"""Therese""";"Ludwigshafen 2""Therese""";Rheinland-Pfalz;49.49763154141702, 8.311011774180463;Hydrogeothermie;;;;;;;;;;;;;;;;;;Vulcan Energie Ressourcen GmbH;;;;
D_Projekt in Planung;Uelzen;"""Uelzen I""";Uelzen;Niedersachsen;52.96741962692176, 10.563586958275387;Hydrogeothermie;;;;;;;;;;;;;;;kommunal;Nord.Becken;;"Stadtwerke Uelzen GmbH
Im Neuen Felde 105
29525 Uelzen";;;;
D_Projekt in Planung;Seefeld;"""Vierseen""";"Seefeld ""Vierseen""";Bayern;47.996346085738814, 11.252429734455514;Hydrogeothermie;;;;;;;;;31.01.2028;;;;;;;;;Geothermie Ammersee GmbH,Schönbichlstraße 30,82211 Herrsching a. Ammersee;;;;
D_Projekt in Planung;Zinnowitz;"""Vineta""";Zinnowitz „Vineta“;Mecklenburg-Vorpommern;54.072248106892204, 13.911824124756217;Hydrogeothermie;;;;;;;;;;;;;;;;;https://www.parchim.de/de/news/news-2024/information-geothermie/;;;;;
D_Projekt in Planung;Wolfsburg;"""Wolfsburger Revier""";Wolfsburger Revier;Niedersachsen;52.4230936673154, 10.786121116346246;Hydrogeothermie;;;;;;;;;;;;;;;;;;Stadtwerke Wolfsburg AG;;;;
D_Projekt in Planung;Bobenheim-Roxheim;"""Worms-Silbersee""";Worms-Silbersee;Rheinland-Pfalz;49.63395024457772, 8.348018093309307;Hydrogeothermie;;;;;;;;;;;;;;;;;;Zukunft Geowärme GmbH;;;;
D_Projekt in Planung;Wuppertal;"""WSW-Nord""";Wuppertal;Nordrhein-Westfalen;51.273684138961215, 7.131261932324158;;;;;;;;;;;;;;;;;;;;;;;
D_Projekt in Planung;Bochum, Fraunhofer IEG, Zukunftsenergie;"""Zukunftsenergie""";Bochum (Fraunhofer IEG);Nordrhein-Westfalen;51.446259, 7.273505;Hydrogeothermie;;;;;;;;;22.03.2012 bis 21.03.2025;;;;;;;;;Fraunhofer-Gesellschaft zur Förderung der angewandten Forschung e. V.;;;;
D_Projekt in Planung;Ammersee;Ammersee-West;Ammersee-West;Bayern;48.039263487567226, 11.05212018433147;Hydrogeothermie;;;;;;;;;;;;;;;;;;Gemeinde Windach;;;;
D_Projekt in Planung;Ampfing;Ampfing Geothermal;Ampfing;Bayern;48.25346600816881, 12.411744093083335;Hydrogeothermie;;;;;;;;;31.07.2028;;;;;;;;;ONEO GmbH & Co. KG;;;;
D_Projekt in Planung;Aschau am Inn;Aschau am Inn;Aschau am Inn;Bayern;48.19706201887078, 12.349488070534996;Hydrogeothermie;;;;;;;;;31.01.2029;;;;;;;;;Gemeinde Aschau am Inn;;;;
D_Projekt in Planung;Auerbach;Auerbach;Auerbach;Sachsen;50.73917722406988, 12.542819913849803;Hydrogeothermie;;;;;;;;;;;;;;;;;;;;;;
D_Projekt in Planung;Augsburg;Augsburg-Ost;Augsburg-Ost;Bayern;48.38042009013776, 10.913673657882406;Hydrogeothermie;;;;;;;;;30.04.2029;;;;;;;;;AVA Abfallverwertung Augsburg Kommunalunternehmen;;;;
D_Projekt in Planung;Bernau;Bernau;Bernau;Brandenburg;52.67851,13.58949;Hydrogeothermie;;;;;;;;;;;;;;;;;;;;;;
D_Projekt in Planung;Milbertshofen, Vierkirchen;BMW Milbertshofen;München-Milbertshofen;Bayern;48.18308464137711, 11.560200296781957;Hydrogeothermie;;;;;;;;;31.05.2027;;;;;;;;; Bayerische Motoren Werke AG, München;;;;
D_Projekt in Planung;Brand;Brand;Brand;Brandenburg;52.03946,13.74761;Hydrogeothermie;;;;;;;;;;;;;;;;Nord.Becken;;;;;;
D_Projekt in Planung;"""RENEWAC""";Campus Berlin-Buch;Campus Berlin-Buch;Berlin;52.624825882549935, 13.50022354426577;Hydrogeothermie;;;;;;;;;;;;;;;;;https://group.vattenfall.com/de/newsroom/pressemitteilungen/2023/campus-berlin-buch-projekt-renewac-fur-die-berliner-innovationsforderung-tiefengeothermie-ausgewahlt;Projektinitiative ging von einem Kernteam der Campus Berlin-Buch GmbH (CBB), des Helmholtz-Zentrums Potsdam – Deutsches GeoForschungsZentrum GFZ und des Vereins „green with IT“ aus;;;;
D_Projekt in Planung;Gendorf;Chemiepark Gendorf;Gendorf;Bayern;48.17791128436578, 12.721016271812298;Hydrogeothermie;;;;;;;;;31.05.2028;;;;;;;;; InfraServ GmbH & Co Gendorf KG;;;;
D_Projekt in Planung;Dachau;Dachau-Nord;Dachau-Nord;Bayern;48.26331321255316, 11.433373901407554;Hydrogeothermie;;;;;;;;;31.03.2029;;;;;;;;;Stadtwerke Dachau;;;;
D_Projekt in Planung;Dingharting-Attenham;Dingharting-Attenham;Dingharting-Attenham;Bayern;47.95717338865071, 11.544151322026869;Hydrogeothermie;;;;;;;;;29.02.2028;;;;;;;;;SWM;;;;
D_Projekt in Planung;Dresden;Dresden-Heidenau;Dresden-Heidenau;Sachsen;51.054231, 13.736253;Hydrogeothermie;;;;;;;;;;;;;;;;;;;;;;
D_Projekt in Planung;Engelsberg;Engelsberg;Engelsberg;Bayern;48.11642109736139, 12.543934147309393;Hydrogeothermie;;;;;;;;;29.02.2028;;;;;;;;;Silenos Energy GmbH & Co. KG;;;;
D_Projekt in Planung;Feldkirchen-Westerham;Erdwärme Feldkirchen-Westerham;Feldkirchen-Westerham;Bayern;47.90901101943569, 11.846030592357547;Hydrogeothermie;;;;;;;;;30.11.2027;;;;;;;;;Leo Invest GmbH;;;;
D_Projekt in Planung;Rosenheim;Erdwärme Rosenheim;Rosenheim;Bayern;47.85647862615721, 12.118964336760932;Hydrogeothermie;;;;;;;;;28.02.2027;;;;;;;;;Stadtwerke Rosenheim GmbH & Co.KG;;;;
D_Projekt in Planung;Vaterstetten;Erdwärme Vaterstetten;Vaterstetten;Bayern;48.105324942679125, 11.77319777951548;Hydrogeothermie;;;;;;;;;30.09.2028;;;;;;;;;Gemeinde Vaterstetten;;;;
D_Projekt in Planung;Erfurt;Erfurt;Erfurt;Thüringen;50.983025, 11.029143;Petrothermale Geothermie;;;;;;;;;;;;;;;Stadtwerke Erfurt;;;;;;;
D_Projekt in Planung;Dettenheim;Erlich;"Dettenheim ""Erlich""";Baden-Württemberg;49.171949, 8.478003;Hydrogeothermie;;;;;;;;;28.02.2025;;;;;;privater Investor;Oberrheingraben;;Deutsche ErdWärme GmbHMarktplatz 382031 Grünwald;;;;
D_Projekt in Planung;München-Freimann;Freimann;München-Freimann;Bayern;48.18949187280258, 11.608300585147825;Hydrogeothermie;;;;;;;;;30.04.2025;;;;;;;;;SWM;;;;
D_Projekt in Planung;Fürstenfeldbruck;Fürstenfeldbruck-Nord;Fürstenfeldbruck-Nord;Bayern;48.173358975378385, 11.248235202703608;Hydrogeothermie;;;;;;;;;30.09.2028;;;;;;;;;Stadtwerke Fürstenfeldbruck GmbH;;;;
D_Projekt in Planung;Gauting;Gauting West;Gauting West;Bayern;48.05750893477704, 11.32290084955661;Hydrogeothermie;;;;;;;;;31.03.2025;;;;;;;;;1. ASTO Park Gauting Entwicklungs GmbH, 2. HEIZWERK Management GmbH, 3.Silenos Energy GmbH, Köln;;;;
D_Projekt in Planung;Gauting;Gauting-Ost;Gauting Ost;Bayern;48.06592530031783, 11.404441390074705;Hydrogeothermie;;;;;;;;;30.11.2025;;;;;;;Molassebecken;;1. ASTO Park Gauting Entwicklungs GmbH, 2. HEIZWERK Management GmbH, 3.Silenos Energy GmbH, Köln;;;;
D_Projekt in Planung;Geiselbullach;Geiselbullach;Geiselbullach;Bayern;48.22784945192916, 11.343633939237618;Hydrogeothermie;;;;;;;;;30.04.2028;;;;;;;;;Gemeinsames Kommunalunternehmen für Abfallwirtschaft Anstalt des öffentlichen Rechts der Landkreise Fürstenfeldbruck und Dachau (Kurzform: GfA A.d.ö.R.);;;;
D_Projekt in Planung;Freising;GeoFwFreising;Freising;Bayern;48.40164310981577, 11.742229196565955;Hydrogeothermie;;;;;;;;;31.07.2028;;;;;;;;;Fernwärmeversorgung Freising GmbH;;;;
D_Projekt in Planung;Biberach a.d.Riß.;Geothermie Hallen- und Freibad Biberach a.d.Riß.;Biberach a.d.Riß.;Baden-Württemberg;48.09499347012828, 9.804962184230536;Hydrogeothermie;;;;;;;;;30.09.2028;;;;;;;;;Stadtwerke Biberach GmbH;;;;
D_Projekt in Planung;Palling;Geothermie Palling;Palling;Bayern;48.00047371415766, 12.63827194609091;Hydrogeothermie;;;;;;;;;30.11.2027;;;;;;;Molassebecken;https://www.geothermie-palling.de/presse;Erdwärme Chiemgau GmbH;;;;
D_Projekt in Planung;Traunreut/Waging am See ;Geothermie Traunreut/Waging am See ;Traunreut/Waging am See ;Bayern;47.94933767298183, 12.642169490830092;Hydrogeothermie;;;;;;;;;31.05.2026;;;;;;;;;GKT Holding GmbH;;;;
D_Projekt in Planung;Göhren-Lebbin;Göhren-Lebbin;Göhren-Lebbin;Mecklenburg-Vorpommern;53.47578850246684, 12.525781402961185;Hydrogeothermie;;;;;;;;;;;;;;;;;https://www.base.bund.de/SharedDocs/Downloads/BASE/DE/IP/einvernehmenserklaerung/Mecklenburg-Vorpommern/BASE-21102-08-A-0088.html;;;;;
D_Projekt in Planung;Dresden;Golden Door;Dresden;Sachsen;51.053416167061314, 13.733434575164654;Hydrogeothermie;;;;;;;;;;;;;;;;;;;;;;
D_Projekt in Planung;Graming;Graming;Graming;Bayern;48.20820384266516, 12.666007800189224;Hydrogeothermie;;;;;;;;;28.02.2029;;;;;;;;;"ESW Energiesparwerk GmbH & Co. Biothermie Altötting KG; Silenos Energy GmbH & Co. KG";;;;
D_Projekt in Planung;Schwetzingen;Hardt;"Schwetzingen ""Hardt""";Baden-Württemberg;49.403157, 8.585578;Hydrogeothermie;;;;;;;;;31.03.2026;;;;;;privater Investor;Oberrheingraben;https://www.rnf.de/mediathek/video/geothermie-die-suche-nach-heissem-wasser-in-3500-metern-tiefe/;GeoHardt GmbHScheffelstraße 1668723 Schwetzingen;Gehört zu EnBW, (Kölbel);;;
D_Projekt in Planung;Altmark Salzwedel;Jeetze-L;Altmark Salzwedel;Sachsen-Anhalt;52.741877, 11.423352;Hydrogeothermie;;;;;;;;;;;;;;;;;;Neptune Energy Deutschland GmbH;Lithium und Thermalwasser in bestehenden Gasbohrungen;;;
D_Projekt in Planung;Pforzheim;Käfersteige;Pforzheim »Käfersteige«;Baden-Württemberg;48.84745290090928, 8.755696250173637;Hydrogeothermie;;;;;;;;;31.07.2026;;;;;;;;;Deutsche Flussspat GmbH;;;;
D_Projekt in Planung;Usedom;Kaiserbäder Usedom;"""Kaiserbäder Usedom""";Mecklenburg-Vorpommern;53.962024716636996, 14.154660541415963;Hydrogeothermie;;;;;;;;;;;;;;;;Nord.Becken;https://www.geothermie-karlshagen.de/;;;;;
D_Projekt in Planung;Karlsdorf;Karlsdorf III;Karlsdorf;Baden-Württemberg;49.13612, 8.54350;Hydrogeothermie;;;;;;;;;31.08.2026;;;;;;;;;"	EnBW Energie Baden-Württemberg AG";;;;
D_Projekt in Planung;Karlsfeld;Karlsfeld-Nord;Karlsfeld-Nord;Bayern;48.22858836437431, 11.473234178130769;Hydrogeothermie;;;;;;;;;31.01.2028;;;;;;;;;opportunities & friends GmbH;;;;
D_Projekt in Planung;Usedom;Karlshagen-Usedom;"""Karlshagen-Usedom""";Mecklenburg-Vorpommern;54.115763163517606, 13.820448786061359;Hydrogeothermie;;;;;;;;;;;;;;;;Nord.Becken;https://www.geothermie-karlshagen.de/;;;;;
D_Projekt in Planung;Karlsruhe;Karlsruhe-Süd II;"""Karlsruhe-Süd II""";Baden-Württemberg;49.00756367570188, 8.407983459828367;Hydrogeothermie;;;;;;;;;31.07.2027;;;;;;privater Investor;Oberrheingraben;https://www.deutsche-erdwaerme.de/karlsruhe-neureut/;Deutsche ErdWärme GmbHMarktplatz 382031 Grünwald;Standortsuche findet statt;;;
D_Projekt in Planung;Eggenstein-Leopoldshafen;KIT Campus Nord II;"Eggenstein-Leopoldshafen ""KIT Campus Nord II""";Baden-Württemberg;49.09850756202273, 8.431781797071968;Hydrogeothermie;;;;;;;;;30.06.2026;;;;;;privater Investor;Oberrheingraben;;Arbeitsgemeinschaft Karlsruher Institut für Technologie (KIT) / EnBW Energie Baden-Württemberg AGKaiserstraße 1276131 Karlsruhe;;;;
D_Projekt in Planung;Lahr;Lahr;Lahr;Baden-Württemberg;48.33839899752713, 7.877576433800958;Hydrogeothermie;;;;;;;;;30.06.2026;;;;;;;;;Badenova Wärmeplus GmbH & Co.;;;;
D_Projekt in Planung;Lampertheim;Lampertheim I;"""Lampertheim I""";Hessen;49.60101729555329, 8.471756006871416;Hydrogeothermie;;;;;;;;;;;;;;;;;;;;;;
D_Projekt in Planung;Lampertheim;Lampertheim II;"""Lampertheim II""";Hessen;49.60205500948561, 8.49202248367049;Hydrogeothermie;;;;;;;;;;;;;;;;;;;;;;
D_Projekt in Planung;Lörrach;Lörrach;Lörrach;Baden-Württemberg;47.61564095130721, 7.673259143632073;Hydrogeothermie;;;;;;;;;30.06.2026.;;;;;;;;;Badenova Wärmeplus GmbH & Co.;;;;
D_Projekt in Planung;Frankfurt am Main;Luftbrücke;"Frankfurt am Main ""Luftbrücke""";Hessen;50.03875103357532, 8.596442092659883;Hydrogeothermie;;;;;;;;;;;;;;;;"Chemiepark Höchst und Frankfurter Flughafen
";https://www.irw-press.com/de/news/vulcan-erhaelt-neue-aufsuchungslizenz-in-der-region-frankfurt_72044.html?isin=AU0000066086;Vulcan ;;;;
D_Projekt in Planung;Mannheim;Mannheim;Mannheim;Baden-Württemberg;49.487580, 8.481046;Hydrogeothermie;;;;;;;;;30.06.2027.;;;;;;;;;Vulcan Energy Resources Europe ;;;;
D_Projekt in Planung;Stendal;Milde A-E;Stendal;Sachsen-Anhalt;52.57098171977273, 11.682766904349727;Hydrogeothermie;;;;;;;;;;;;;;;;;;Neptune Energy Deutschland GmbH;Lithium und Thermalwasser;;;
D_Projekt in Planung;Osterburg;Milde C-L;Osterburg;Sachsen-Anhalt;52.871150680347604, 11.579550936768982;Hydrogeothermie;;;;;;;;;;;;;;;;;;Neptune Energy Deutschland GmbH;;;;
D_Projekt in Planung;München-Feldmoching;München-Feldmoching;München-Feldmoching;Bayern;48.20778204433672, 11.532967481480256;Hydrogeothermie;;;;;;;;;31.12.2026;;;;;;;;;SWM;;;;
D_Projekt in Planung;Neufahrn-Eching;Neufahrn-Eching;Neufahrn-Eching;Bayern;48.30964562153244, 11.64448783339483;Hydrogeothermie;;;;;;;;;31.08.2027;;;;;;;;; Zweckverband Versorgungs- und Verkehrsbetriebe Neufahrn/Eching;;;;
D_Projekt in Planung;Nürnberg;Nürnberg;Nürnberg;Bayern;49.45249505311012, 11.071229468035005;Hydrogeothermie;;;;;;;;;31.07.2027;;;;;;;;;N-ERGIE Aktiengesellschaft;;;;
D_Projekt in Planung;Oranienburg;Oranienburg;Oranienburg;Brandenburg;52.75528270173587, 13.23715413295646;Hydrogeothermie;;;;;;;;;;;;;;;;;;;;;;
D_Projekt in Planung;Achern;Ortenau II;"Achern ""Ortenau II""";Baden-Württemberg;48.62875171586698, 8.028673292631577;Hydrogeothermie;;;100;3.000;;;;;31.12.2025;;;;;;privater Investor;Oberrheingraben;;Vulcan Energie Ressourcen GmbHAmalienbadstraße 41, Bau 5276227 Karlsruhe;;;;
D_Projekt in Planung;Parchim;Parchim-Stadt;Parchim;Mecklenburg-Vorpommern;53.42494055759068, 11.830829136586528;Hydrogeothermie;;;;;;;;;;;;;;;;;;;;;;
D_Projekt in Planung;Gräfelfing;Planegg;Gräfelfing/Planegg;Bayern;48.11577060827251, 11.428460085810334;Hydrogeothermie;;;;;;;;;30.11.2025;;;;;;;Molassebecken;https://www.geothermie-graefelfing.de/bisherige-schritte;Gemeinde Gräfelfing, Ruffiniallee 2, 82166 Gräfelfing;;;;
D_Projekt in Planung;Premnitz;Premnitz;Premnitz;Brandenburg;52.5282904,12.3567498;Hydrogeothermie;;;;;;;;;;;;;;;;;;;;;;
D_Projekt in Planung;Prenzlau;Prenzlau-Nord II;Prenzlau;Brandenburg;53.3214811,13.8614210;Hydrogeothermie;;;;;;;;;;;;;;;;;https://www.uvp-verbund.de/trefferanzeige?docuuid=a67e4298-401f-48d6-896b-56c21bc1e090;Stadtwerke Prenzlau;;;;
D_Projekt in Planung;Pullach;Pullach Süd;Pullach Süd;Bayern;48.05555953496567, 11.517268338254889;Hydrogeothermie;;;;;;;;;14.06.2027;;;;;;;;;Innovative Energie für Pullach GmbH (IEP), Pullach;;;;
D_Projekt in Planung;Ravensburg;Raum Ravensburg;"""Raum Ravensburg""";Baden-Württemberg;47.783219630139214, 9.60853313961705;Hydrogeothermie;;;;;;;;;;;;;;;;;;Technische Werke Schussental GmbH & Co.;;;;
D_Projekt in Planung;Riedstadt;Ried;Riedstadt;Hessen;49.84161479691538, 8.468468523009529;Hydrogeothermie;;;;;;;;;;;;;;;;;;;;;;
D_Projekt in Planung;Rastatt;Römerbad;"Rastatt ""Römerbad""";Baden-Württemberg;48.80920147956789, 8.180667007830856;Hydrogeothermie;;;;;;;;;31.10.2027;;;;;;privater Investor;Oberrheingraben;;Deutsche ErdWärme GmbHMarktplatz 382031 Grünwald;;;;
D_Projekt in Planung;Sangerhausen;Sangerhausen;Sangerhausen;Sachsen-Anhalt;51.473801, 11.299247;Grubenwasser;;;;;;;;;;;;;;;;;;Stadtwerke Sangerhausen GmbH;;;;
D_Projekt in Planung;Schwielowsee;Schwielowsee;Schwielowsee;Brandenburg;52.311220, 12.930138;Hydrogeothermie;;;;;;;;;;;;;;;;;;;;;;
D_Projekt in Planung;Schneeberg;Silberberg;"Schneeberg ""Silberberg""";Sachsen;50.49695326710284, 12.661070213915194;Petrothermale Geothermie;;;;;;;;;;;;;;;Stadtwerke Schneeberg;;;;;;;
D_Projekt in Planung;Neu-Ulm;Stadtwärme Neu-Ulm;Neu-Ulm;Bayern;48.383146854415905, 10.008997755766739;Geschlossenes tiefengeothermisches System;;;;;;;;;31.07.2026;;;;;;;;Eavor GmbH;;;;;
D_Projekt in Planung;Stralsund;Stralsund;Stralsund;Mecklenburg-Vorpommern;54.31021272312311, 13.035525256557323;Sonde;;;;;;;;;;;;;;;;Nord.Becken;;;;;;
D_Projekt in Planung;Freiburg;Südlicher Oberrhein;Freiburg;Baden-Württemberg;47.99960018294129, 7.845158777389785;Hydrogeothermie;;;;;;;;;30.04.2024;;;;;;privater Investor;Oberrheingraben;;badenova WärmePlus GmbH & Co. KGTullastraße 6179108 Freiburg;;;;
D_Projekt in Planung;Traunstein;Traunstein;Traunstein;Bayern;47.86739322251717, 12.637406558652517;Hydrogeothermie;;;;;;;;;31.01.2028;;;;;;;Molassebecken;http://www.geothermie-traunstein.de/; Geothermie Traunstein AG & Co. Explorations KG, Traunstein;;;;
D_Projekt in Planung;Trostberg;Trostberg;Trostberg;Bayern;48.02656614542359, 12.554836688874541;Hydrogeothermie;;;;;;;;;30.11.2027;;;;;;;Molassebecken;;Erdwärme Alz GmbH, München;;;;
D_Projekt in Planung;Vogtlandkreis;Vogtlandkreis;Vogtlandkreis;Sachsen;50.42648230429329, 12.169992285516651;Hydrogeothermie;;;;;;;;;;;;;;;;;https://www.freiepresse.de/vogtland/plauen/geothermie-grossprojekt-am-geysir-im-vogtland-landrat-hofft-auf-kraftwerksbau-ab-2025-artikel13324080;;;;;
D_Projekt in Planung;Philippsburg;Waghäusel-Philippsburg;"Philippsburg ""Waghäusel""";Baden-Württemberg;49.245006, 8.510063;Hydrogeothermie;;;;;;;;;;;;;;;privater Investor;Oberrheingraben;Bürgerentscheid am 23.3.23;Deutsche ErdWärme GmbHMarktplatz 382031 Grünwald;;;;
D_Projekt in Planung;Hemsbach;Waldnerturm;Waldnerturm;Baden-Württemberg;49.59775628202355, 8.740053509445298;Hydrogeothermie;;;;;;;;;;;;;;;;;;;;;;
D_Projekt in Planung;Waldweihnacht;Waldweihnacht;Waldweihnacht;Bayern;48.12967611012164, 12.714686125247729;Hydrogeothermie;;;;;;;;;31.08.2027;;;;;;;;;Gemeinde Kirchweidach;;;;
D_Projekt in Planung;Weinheim;Weinheim-Süd;Weinheim-Süd;Baden-Württemberg;49.51303157802101, 8.625109547929297;Hydrogeothermie;;;;;;;;;30.11.2025;;;;;;;;;Zukunft Geowärme GmbH;;;;
D_Projekt in Planung;Wolfratshausen;Wolfratshausen;Wolfratshausen;Bayern;47.91022277007403, 11.42485522227732;Hydrogeothermie;;;;;;;;;30.09.2027;;;;;;;;;Enex Geothermieprojekt Geretsried Nord GmbH & Co. KG, Geretsried-Gelting, Eavor Erdwärme Geretsried GmbH, Frankfurt am Main;;;;
D_Projekt in Planung;Würzburg;Würzburg;Würzburg;Bayern;49.79045753836998, 9.950922585389575;Hydrogeothermie;;;;;;;;;31.01.2028;;;;;;;;;Stadtwerke Würzburg AG;;;;
D_Projekt in Planung;Berlin Neukölln;;Berlin Neukölln;Berlin;52.4739852509537, 13.449804882363829;Hydrogeothermie;;;;;;;;;;;;;;;;Nord.Becken;https://group.vattenfall.com/de/newsroom/pressemitteilungen/2023/campus-berlin-buch-projekt-renewac-fur-die-berliner-innovationsforderung-tiefengeothermie-ausgewahlt;;;;;
D_Projekt in Planung;Berlin Tegel;;Berlin Tegel;Berlin;52.585362303987914, 13.282239264382142;Hydrogeothermie;;;;;;;;;;;;;;;;;https://group.vattenfall.com/de/newsroom/pressemitteilungen/2023/campus-berlin-buch-projekt-renewac-fur-die-berliner-innovationsforderung-tiefengeothermie-ausgewahlt;;;;;
;;;;;;;;;;;;;;;;;;;;;;;;;;;;
;;;;;;;;;;;;;;;;;;;;;;;;;;;;
;;;;;;;;;;;;;;;;;;;;;;;;;;;;
